StateName,Lstate,Date,BottomTier,B_PriorMonth,B_DiffPrevMonth,B_60DayDiff,B_60DayChange,B_90DayDiff,B_90DayChange,MiddleTier,M_PriorMonth,M_DiffPrevMonth,M_60DayDiff,M_60DayChange,M_90DayDiff,M_90DayChange,TopTier,T_PriorMonth,T_DiffPrevMonth,T_60DayDiff,T_60DayChange,T_90DayDiff,T_90DayChange,B_PrincipalMonthly,B_AvgMortgage,M_PrincipalMonthly,M_AvgMortgage,T_PrincipalMonthly,T_AvgMortgage,B_InterestMonthly,M_InterestMonthly,T_InterestMonthly,B_AvgAnnual,M_AvgAnnual,T_AvgAnnual
Texas,TX,1996-01-01,54251,,,,,,,122436,,,,,,,190621,,,,,,,150,467.161388833,340,1054.310000000,529,1641.458611083,317.161388833,714.310000000,1112.458611083,5605.936665996,12651.720000000,19697.503332996
Texas,TX,1996-02-01,54289,54251,38,,,,,122457,122436,21,,,,,190626,190621,5,,,,,150,467.488611083,340,1054.490833333,529,1641.501666666,317.488611083,714.490833333,1112.501666666,5609.863332996,12653.889999996,19698.019999992
Texas,TX,1996-03-01,54317,54289,28,54251,66,,,122486,122457,29,122436,50,,,190655,190626,29,190621,34,,,150,467.729722166,340,1054.740555500,529,1641.751388833,317.729722166,714.740555500,1112.751388833,5612.756665992,12656.886666000,19701.016665996
Texas,TX,1996-04-01,54421,54317,104,54289,132,54251,170,122622,122486,136,122457,165,122436,186,190823,190655,168,190626,197,190621,202,151,468.625277750,340,1055.911666666,530,1643.198055500,317.625277750,715.911666666,1113.198055500,5623.503333000,12670.939999992,19718.376666000
Texas,TX,1996-05-01,54516,54421,95,54317,199,54289,227,122779,122622,157,122486,293,122457,322,191042,190823,219,190655,387,190626,416,151,469.443333333,341,1057.263611083,530,1645.083888833,318.443333333,716.263611083,1115.083888833,5633.319999996,12687.163332996,19741.006665996
Texas,TX,1996-06-01,54607,54516,91,54421,186,54317,290,122908,122779,129,122622,286,122486,422,191210,191042,168,190823,387,190655,555,151,470.226944416,341,1058.374444416,531,1646.530555500,319.226944416,717.374444416,1115.530555500,5642.723332992,12700.493332992,19758.366666000
Texas,TX,1996-07-01,54670,54607,63,54516,154,54421,249,122984,122908,76,122779,205,122622,362,191298,191210,88,191042,256,190823,475,151,470.769444416,341,1059.028888833,531,1647.288333333,319.769444416,718.028888833,1116.288333333,5649.233332992,12708.346665996,19767.459999996
Texas,TX,1996-08-01,54767,54670,97,54607,160,54516,251,123119,122984,135,122908,211,122779,340,191472,191298,174,191210,262,191042,430,152,471.604722166,341,1060.191388833,531,1648.786666666,319.604722166,719.191388833,1117.786666666,5659.256665992,12722.296665996,19785.439999992
Texas,TX,1996-09-01,54879,54767,112,54670,209,54607,272,123300,123119,181,122984,316,122908,392,191722,191472,250,191298,424,191210,512,152,472.569166666,342,1061.750000000,532,1650.939444416,320.569166666,719.750000000,1118.939444416,5670.829999992,12741.000000000,19811.273332992
Texas,TX,1996-10-01,55020,54879,141,54767,253,54670,350,123558,123300,258,123119,439,122984,574,192096,191722,374,191472,624,191298,798,152,473.783333333,343,1063.971666666,533,1654.160000000,321.783333333,720.971666666,1121.160000000,5685.399999996,12767.659999992,19849.920000000
Texas,TX,1996-11-01,55170,55020,150,54879,291,54767,403,123822,123558,264,123300,522,123119,703,192475,192096,379,191722,753,191472,1003,153,475.075000000,343,1066.245000000,534,1657.423611083,322.075000000,723.245000000,1123.423611083,5700.900000000,12794.940000000,19889.083332996
Texas,TX,1996-12-01,55329,55170,159,55020,309,54879,450,124112,123822,290,123558,554,123300,812,192895,192475,420,192096,799,191722,1173,153,476.444166666,344,1068.742222166,535,1661.040277750,323.444166666,724.742222166,1126.040277750,5717.329999992,12824.906665992,19932.483333000
Texas,TX,1997-01-01,55355,55329,26,55170,185,55020,335,124157,124112,45,123822,335,123558,599,192959,192895,64,192475,484,192096,863,153,476.668055500,344,1069.129722166,535,1661.591388833,323.668055500,725.129722166,1126.591388833,5720.016666000,12829.556665992,19939.096665996
Texas,TX,1997-02-01,55359,55355,4,55329,30,55170,189,124184,124157,27,124112,72,123822,362,193009,192959,50,192895,114,192475,534,153,476.702500000,344,1069.362222166,536,1662.021944416,323.702500000,725.362222166,1126.021944416,5720.430000000,12832.346665992,19944.263332992
Texas,TX,1997-03-01,55368,55359,9,55355,13,55329,39,124191,124184,7,124157,34,124112,79,193015,193009,6,192959,56,192895,120,153,476.780000000,344,1069.422500000,536,1662.073611083,323.780000000,725.422500000,1126.073611083,5721.360000000,12833.070000000,19944.883332996
Texas,TX,1997-04-01,55461,55368,93,55359,102,55355,106,124354,124191,163,124184,170,124157,197,193247,193015,232,193009,238,192959,288,154,477.580833333,345,1070.826111083,536,1664.071388833,323.580833333,725.826111083,1128.071388833,5730.969999996,12849.913332996,19968.856665996
Texas,TX,1997-05-01,55547,55461,86,55368,179,55359,188,124461,124354,107,124191,270,124184,277,193376,193247,129,193015,361,193009,367,154,478.321388833,345,1071.747500000,537,1665.182222166,324.321388833,726.747500000,1128.182222166,5739.856665996,12860.970000000,19982.186665992
Texas,TX,1997-06-01,55647,55547,100,55461,186,55368,279,124625,124461,164,124354,271,124191,434,193603,193376,227,193247,356,193015,588,154,479.182500000,346,1073.159722166,537,1667.136944416,325.182500000,727.159722166,1130.136944416,5750.190000000,12877.916665992,20005.643332992
Texas,TX,1997-07-01,55759,55647,112,55547,212,55461,298,124807,124625,182,124461,346,124354,453,193856,193603,253,193376,480,193247,609,154,480.146944416,346,1074.726944416,538,1669.315555500,326.146944416,728.726944416,1131.315555500,5761.763332992,12896.723332992,20031.786666000
Texas,TX,1997-08-01,55873,55759,114,55647,226,55547,326,125012,124807,205,124625,387,124461,551,194152,193856,296,193603,549,193376,776,155,481.128611083,347,1076.492222166,539,1671.864444416,326.128611083,729.492222166,1132.864444416,5773.543332996,12917.906665992,20062.373332992
Texas,TX,1997-09-01,55994,55873,121,55759,235,55647,347,125216,125012,204,124807,409,124625,591,194439,194152,287,193856,583,193603,836,155,482.170555500,347,1078.248888833,540,1674.335833333,327.170555500,731.248888833,1134.335833333,5786.046666000,12938.986665996,20092.029999996
Texas,TX,1997-10-01,56129,55994,135,55873,256,55759,370,125440,125216,224,125012,428,124807,633,194751,194439,312,194152,599,193856,895,155,483.333055500,348,1080.177777750,540,1677.022500000,328.333055500,732.177777750,1137.022500000,5799.996666000,12962.133333000,20124.270000000
Texas,TX,1997-11-01,56269,56129,140,55994,275,55873,396,125693,125440,253,125216,477,125012,681,195117,194751,366,194439,678,194152,965,156,484.538611083,349,1082.356388833,541,1680.174166666,328.538611083,733.356388833,1139.174166666,5814.463332996,12988.276665996,20162.089999992
Texas,TX,1997-12-01,56420,56269,151,56129,291,55994,426,125978,125693,285,125440,538,125216,762,195536,195117,419,194751,785,194439,1097,156,485.838888833,349,1084.810555500,543,1683.782222166,329.838888833,735.810555500,1140.782222166,5830.066665996,13017.726666000,20205.386665992
Texas,TX,1998-01-01,56731,56420,311,56269,462,56129,602,126528,125978,550,125693,835,125440,1088,196325,195536,789,195117,1208,194751,1574,157,488.516944416,351,1089.546666666,545,1690.576388833,331.516944416,738.546666666,1145.576388833,5862.203332992,13074.559999992,20286.916665996
Texas,TX,1998-02-01,57032,56731,301,56420,612,56269,763,127044,126528,516,125978,1066,125693,1351,197056,196325,731,195536,1520,195117,1939,158,491.108888833,352,1093.990000000,547,1696.871111083,333.108888833,741.990000000,1149.871111083,5893.306665996,13127.880000000,20362.453332996
Texas,TX,1998-03-01,57327,57032,295,56731,596,56420,907,127557,127044,513,126528,1029,125978,1579,197788,197056,732,196325,1463,195536,2252,159,493.649166666,354,1098.407500000,549,1703.174444416,334.649166666,744.407500000,1154.174444416,5923.789999992,13180.890000000,20438.093332992
Texas,TX,1998-04-01,57416,57327,89,57032,384,56731,685,127706,127557,149,127044,662,126528,1178,197996,197788,208,197056,940,196325,1671,159,494.415555500,354,1099.690555500,549,1704.965555500,335.415555500,745.690555500,1155.965555500,5932.986666000,13196.286666000,20459.586666000
Texas,TX,1998-05-01,57559,57416,143,57327,232,57032,527,127957,127706,251,127557,400,127044,913,198355,197996,359,197788,567,197056,1299,159,495.646944416,355,1101.851944416,550,1708.056944416,336.646944416,746.851944416,1158.056944416,5947.763332992,13222.223332992,20496.683332992
Texas,TX,1998-06-01,57695,57559,136,57416,279,57327,368,128182,127957,225,127706,476,127557,625,198670,198355,315,197996,674,197788,882,160,496.818055500,356,1103.789444416,551,1710.769444416,336.818055500,747.789444416,1159.769444416,5961.816666000,13245.473332992,20529.233332992
Texas,TX,1998-07-01,57898,57695,203,57559,339,57416,482,128542,128182,360,127957,585,127706,836,199187,198670,517,198355,832,197996,1191,160,498.566111083,357,1106.889444416,553,1715.221388833,338.566111083,749.889444416,1162.221388833,5982.793332996,13282.673332992,20582.656665996
Texas,TX,1998-08-01,58048,57898,150,57695,353,57559,489,128795,128542,253,128182,613,127957,838,199542,199187,355,198670,872,198355,1187,161,499.857777750,357,1109.068055500,554,1718.278333333,338.857777750,752.068055500,1164.278333333,5998.293333000,13308.816666000,20619.339999996
Texas,TX,1998-09-01,58197,58048,149,57898,299,57695,502,129052,128795,257,128542,510,128182,870,199907,199542,365,199187,720,198670,1237,161,501.140833333,358,1111.281111083,555,1721.421388833,340.140833333,753.281111083,1166.421388833,6013.689999996,13335.373332996,20657.056665996
Texas,TX,1998-10-01,58264,58197,67,58048,216,57898,366,129130,129052,78,128795,335,128542,588,199996,199907,89,199542,454,199187,809,161,501.717777750,358,1111.952777750,555,1722.187777750,340.717777750,753.952777750,1167.187777750,6020.613333000,13343.433333000,20666.253333000
Texas,TX,1998-11-01,58313,58264,49,58197,116,58048,265,129171,129130,41,129052,119,128795,376,200029,199996,33,199907,122,199542,487,161,502.139722166,358,1112.305833333,555,1722.471944416,341.139722166,754.305833333,1167.471944416,6025.676665992,13347.669999996,20669.663332992
Texas,TX,1998-12-01,58342,58313,29,58264,78,58197,145,129141,129171,-30,129130,11,129052,89,199941,200029,-88,199996,-55,199907,34,162,502.389444416,358,1112.047500000,555,1721.714166666,340.389444416,754.047500000,1166.714166666,6028.673332992,13344.570000000,20660.569999992
Texas,TX,1999-01-01,58475,58342,133,58313,162,58264,211,129349,129141,208,129171,178,129130,219,200223,199941,282,200029,194,199996,227,162,503.534722166,359,1113.838611083,556,1724.142500000,341.534722166,754.838611083,1168.142500000,6042.416665992,13366.063332996,20689.710000000
Texas,TX,1999-02-01,58758,58475,283,58342,416,58313,445,129877,129349,528,129141,736,129171,706,200996,200223,773,199941,1055,200029,967,163,505.971666666,360,1118.385277750,558,1730.798888833,342.971666666,758.385277750,1172.798888833,6071.659999992,13420.623333000,20769.586665996
Texas,TX,1999-03-01,59144,58758,386,58475,669,58342,802,130627,129877,750,129349,1278,129141,1486,202110,200996,1114,200223,1887,199941,2169,164,509.295555500,362,1124.843611083,561,1740.391666666,345.295555500,762.843611083,1179.391666666,6111.546666000,13498.123332996,20884.699999992
Texas,TX,1999-04-01,59590,59144,446,58758,832,58475,1115,131475,130627,848,129877,1598,129349,2126,203361,202110,1251,200996,2365,200223,3138,165,513.136111083,365,1132.145833333,564,1751.164166666,348.136111083,767.145833333,1187.164166666,6157.633332996,13585.749999996,21013.969999992
Texas,TX,1999-05-01,60003,59590,413,59144,859,58758,1245,132252,131475,777,130627,1625,129877,2375,204502,203361,1141,202110,2392,200996,3506,166,516.692500000,367,1138.836666666,568,1760.989444416,350.692500000,771.836666666,1192.989444416,6200.310000000,13666.039999992,21131.873332992
Texas,TX,1999-06-01,60413,60003,410,59590,823,59144,1269,133071,132252,819,131475,1596,130627,2444,205729,204502,1227,203361,2368,202110,3619,167,520.223055500,369,1145.889166666,571,1771.555277750,353.223055500,776.889166666,1200.555277750,6242.676666000,13750.669999992,21258.663333000
Texas,TX,1999-07-01,60790,60413,377,60003,787,59590,1200,133865,133071,794,132252,1613,131475,2390,206940,205729,1211,204502,2438,203361,3579,168,523.469444416,371,1152.726388833,574,1781.983333333,355.469444416,781.726388833,1207.983333333,6281.633332992,13832.716665996,21383.799999996
Texas,TX,1999-08-01,61124,60790,334,60413,711,60003,1121,134574,133865,709,133071,1503,132252,2322,208024,206940,1084,205729,2295,204502,3522,169,526.345555500,373,1158.831666666,577,1791.317777750,357.345555500,785.831666666,1214.317777750,6316.146666000,13905.979999992,21495.813333000
Texas,TX,1999-09-01,61400,61124,276,60790,610,60413,987,135137,134574,563,133865,1272,133071,2066,208875,208024,851,206940,1935,205729,3146,170,528.722222166,375,1163.679722166,580,1798.645833333,358.722222166,788.679722166,1218.645833333,6344.666665992,13964.156665992,21583.749999996
Texas,TX,1999-10-01,61721,61400,321,61124,597,60790,931,135772,135137,635,134574,1198,133865,1907,209823,208875,948,208024,1799,206940,2883,171,531.486388833,377,1169.147777750,582,1806.809166666,360.486388833,792.147777750,1224.809166666,6377.836665996,14029.773333000,21681.709999992
Texas,TX,1999-11-01,62066,61721,345,61400,666,61124,942,136466,135772,694,135137,1329,134574,1892,210866,209823,1043,208875,1991,208024,2842,172,534.457222166,379,1175.123888833,585,1815.790555500,362.457222166,796.123888833,1230.790555500,6413.486665992,14101.486665996,21789.486666000
Texas,TX,1999-12-01,62406,62066,340,61721,685,61400,1006,137179,136466,713,135772,1407,135137,2042,211953,210866,1087,209823,2130,208875,3078,173,537.385000000,381,1181.263611083,588,1825.150833333,364.385000000,800.263611083,1237.150833333,6448.620000000,14175.163332996,21901.809999996
Texas,TX,2000-01-01,62634,62406,228,62066,568,61721,913,137699,137179,520,136466,1233,135772,1927,212764,211953,811,210866,1898,209823,2941,173,539.348333333,382,1185.741388833,591,1832.134444416,366.348333333,803.741388833,1241.134444416,6472.179999996,14228.896665996,21985.613332992
Texas,TX,2000-02-01,62797,62634,163,62406,391,62066,731,138078,137699,379,137179,899,136466,1612,213359,212764,595,211953,1406,210866,2493,174,540.751944416,383,1189.005000000,592,1837.258055500,366.751944416,806.005000000,1245.258055500,6489.023332992,14268.060000000,22047.096666000
Texas,TX,2000-03-01,62888,62797,91,62634,254,62406,482,138315,138078,237,137699,616,137179,1136,213743,213359,384,212764,979,211953,1790,174,541.535555500,384,1191.045833333,593,1840.564722166,367.535555500,807.045833333,1247.564722166,6498.426666000,14292.549999996,22086.776665992
Texas,TX,2000-04-01,62978,62888,90,62797,181,62634,344,138549,138315,234,138078,471,137699,850,214120,213743,377,213359,761,212764,1356,174,542.310555500,384,1193.060833333,594,1843.811111083,368.310555500,809.060833333,1249.811111083,6507.726666000,14316.729999996,22125.733332996
Texas,TX,2000-05-01,62978,62978,0,62888,90,62797,181,138613,138549,64,138315,298,138078,535,214248,214120,128,213743,505,213359,889,174,542.310555500,385,1193.611944416,595,1844.913333333,368.310555500,808.611944416,1249.913333333,6507.726666000,14323.343332992,22138.959999996
Texas,TX,2000-06-01,62985,62978,7,62978,7,62888,97,138625,138613,12,138549,76,138315,310,214265,214248,17,214120,145,213743,522,174,542.370833333,385,1193.715277750,595,1845.059722166,368.370833333,808.715277750,1250.059722166,6508.449999996,14324.583333000,22140.716665992
Texas,TX,2000-07-01,62984,62985,-1,62978,6,62978,6,138534,138625,-91,138613,-79,138549,-15,214084,214265,-181,214248,-164,214120,-36,174,542.362222166,384,1192.931666666,594,1843.501111083,368.362222166,808.931666666,1249.501111083,6508.346665992,14315.179999992,22122.013332996
Texas,TX,2000-08-01,63087,62984,103,62985,102,62978,109,138645,138534,111,138625,20,138613,32,214204,214084,120,214265,-61,214248,-44,175,543.249166666,385,1193.887500000,595,1844.534444416,368.249166666,808.887500000,1249.534444416,6518.989999992,14326.650000000,22134.413332992
Texas,TX,2000-09-01,63211,63087,124,62984,227,62985,226,138836,138645,191,138534,302,138625,211,214461,214204,257,214084,377,214265,196,175,544.316944416,385,1195.532222166,595,1846.747500000,369.316944416,810.532222166,1251.747500000,6531.803332992,14346.386665992,22160.970000000
Texas,TX,2000-10-01,63324,63211,113,63087,237,62984,340,139062,138836,226,138645,417,138534,528,214801,214461,340,214204,597,214084,717,175,545.290000000,386,1197.478333333,596,1849.675277750,370.290000000,811.478333333,1253.675277750,6543.480000000,14369.739999996,22196.103333000
Texas,TX,2000-11-01,63474,63324,150,63211,263,63087,387,139342,139062,280,138836,506,138645,697,215211,214801,410,214461,750,214204,1007,176,546.581666666,387,1199.889444416,597,1853.205833333,370.581666666,812.889444416,1256.205833333,6558.979999992,14398.673332992,22238.469999996
Texas,TX,2000-12-01,63656,63474,182,63324,332,63211,445,139658,139342,316,139062,596,138836,822,215661,215211,450,214801,860,214461,1200,176,548.148888833,387,1202.610555500,599,1857.080833333,372.148888833,815.610555500,1258.080833333,6577.786665996,14431.326666000,22284.969999996
Texas,TX,2001-01-01,63793,63656,137,63474,319,63324,469,139853,139658,195,139342,511,139062,791,215913,215661,252,215211,702,214801,1112,177,549.328611083,388,1204.289722166,599,1859.250833333,372.328611083,816.289722166,1260.250833333,6591.943332996,14451.476665992,22311.009999996
Texas,TX,2001-02-01,63794,63793,1,63656,138,63474,320,139778,139853,-75,139658,120,139342,436,215763,215913,-150,215661,102,215211,552,177,549.337222166,388,1203.643888833,599,1857.959166666,372.337222166,815.643888833,1258.959166666,6592.046665992,14443.726665996,22295.509999992
Texas,TX,2001-03-01,63719,63794,-75,63793,-74,63656,63,139547,139778,-231,139853,-306,139658,-111,215375,215763,-388,215913,-538,215661,-286,176,548.691388833,387,1201.654722166,598,1854.618055500,372.691388833,814.654722166,1256.618055500,6584.296665996,14419.856665992,22255.416666000
Texas,TX,2001-04-01,63682,63719,-37,63794,-112,63793,-111,139393,139547,-154,139778,-385,139853,-460,215104,215375,-271,215763,-659,215913,-809,176,548.372777750,387,1200.328611083,597,1852.284444416,372.372777750,813.328611083,1255.284444416,6580.473333000,14403.943332996,22227.413332992
Texas,TX,2001-05-01,63747,63682,65,63719,28,63794,-47,139438,139393,45,139547,-109,139778,-340,215130,215104,26,215375,-245,215763,-633,177,548.932500000,387,1200.716111083,597,1852.508333333,371.932500000,813.716111083,1255.508333333,6587.190000000,14408.593332996,22230.099999996
Texas,TX,2001-06-01,63803,63747,56,63682,121,63719,84,139481,139438,43,139393,88,139547,-66,215160,215130,30,215104,56,215375,-215,177,549.414722166,387,1201.086388833,597,1852.766666666,372.414722166,814.086388833,1255.766666666,6592.976665992,14413.036665996,22233.199999992
Texas,TX,2001-07-01,63855,63803,52,63747,108,63682,173,139575,139481,94,139438,137,139393,182,215295,215160,135,215130,165,215104,191,177,549.862500000,387,1201.895833333,598,1853.929166666,372.862500000,814.895833333,1255.929166666,6598.350000000,14422.749999996,22247.149999992
Texas,TX,2001-08-01,63870,63855,15,63803,67,63747,123,139588,139575,13,139481,107,139438,150,215306,215295,11,215160,146,215130,176,177,549.991666666,387,1202.007777750,598,1854.023888833,372.991666666,815.007777750,1256.023888833,6599.899999992,14424.093333000,22248.286665996
Texas,TX,2001-09-01,63929,63870,59,63855,74,63803,126,139692,139588,104,139575,117,139481,211,215456,215306,150,215295,161,215160,296,177,550.499722166,388,1202.903333333,598,1855.315555500,373.499722166,814.903333333,1257.315555500,6605.996665992,14434.839999996,22263.786666000
Texas,TX,2001-10-01,64011,63929,82,63870,141,63855,156,139797,139692,105,139588,209,139575,222,215584,215456,128,215306,278,215295,289,177,551.205833333,388,1203.807500000,598,1856.417777750,374.205833333,815.807500000,1258.417777750,6614.469999996,14445.690000000,22277.013333000
Texas,TX,2001-11-01,64051,64011,40,63929,122,63870,181,139843,139797,46,139692,151,139588,255,215635,215584,51,215456,179,215306,329,177,551.550277750,388,1204.203611083,598,1856.856944416,374.550277750,816.203611083,1258.856944416,6618.603333000,14450.443332996,22282.283332992
Texas,TX,2001-12-01,64087,64051,36,64011,76,63929,158,139880,139843,37,139797,83,139692,188,215674,215635,39,215584,90,215456,218,178,551.860277750,388,1204.522222166,599,1857.192777750,373.860277750,816.522222166,1258.192777750,6622.323333000,14454.266665992,22286.313333000
Texas,TX,2002-01-01,64118,64087,31,64051,67,64011,107,139919,139880,39,139843,76,139797,122,215720,215674,46,215635,85,215584,136,178,552.127222166,388,1204.858055500,599,1857.588888833,374.127222166,816.858055500,1258.588888833,6625.526665992,14458.296666000,22291.066665996
Texas,TX,2002-02-01,64251,64118,133,64087,164,64051,200,140113,139919,194,139880,233,139843,270,215976,215720,256,215674,302,215635,341,178,553.272500000,389,1206.528611083,599,1859.793333333,375.272500000,817.528611083,1260.793333333,6639.270000000,14478.343332996,22317.519999996
Texas,TX,2002-03-01,64427,64251,176,64118,309,64087,340,140396,140113,283,139919,477,139880,516,216366,215976,390,215720,646,215674,692,178,554.788055500,389,1208.965555500,601,1863.151666666,376.788055500,819.965555500,1262.151666666,6657.456666000,14507.586666000,22357.819999992
Texas,TX,2002-04-01,64664,64427,237,64251,413,64118,546,140790,140396,394,140113,677,139919,871,216917,216366,551,215976,941,215720,1197,179,556.828888833,391,1212.358333333,602,1867.896388833,377.828888833,821.358333333,1265.896388833,6681.946665996,14548.299999996,22414.756665996
Texas,TX,2002-05-01,64901,64664,237,64427,474,64251,650,141199,140790,409,140396,803,140113,1086,217498,216917,581,216366,1132,215976,1522,180,558.869722166,392,1215.880277750,604,1872.899444416,378.869722166,823.880277750,1268.899444416,6706.436665992,14590.563333000,22474.793332992
Texas,TX,2002-06-01,65189,64901,288,64664,525,64427,762,141728,141199,529,140790,938,140396,1332,218268,217498,770,216917,1351,216366,1902,181,561.349722166,393,1220.435555500,606,1879.530000000,380.349722166,827.435555500,1273.530000000,6736.196665992,14645.226666000,22554.360000000
Texas,TX,2002-07-01,65479,65189,290,64901,578,64664,815,142231,141728,503,141199,1032,140790,1441,218983,218268,715,217498,1485,216917,2066,181,563.846944416,395,1224.766944416,608,1885.686944416,382.846944416,829.766944416,1277.686944416,6766.163332992,14697.203332992,22628.243332992
Texas,TX,2002-08-01,65759,65479,280,65189,570,64901,858,142738,142231,507,141728,1010,141199,1539,219717,218983,734,218268,1449,217498,2219,182,566.258055500,396,1229.132777750,610,1892.007500000,384.258055500,833.132777750,1282.007500000,6795.096666000,14749.593333000,22704.090000000
Texas,TX,2002-09-01,66002,65759,243,65479,523,65189,813,143142,142738,404,142231,911,141728,1414,220282,219717,565,218983,1299,218268,2014,183,568.350555500,397,1232.611666666,611,1896.872777750,385.350555500,835.611666666,1285.872777750,6820.206666000,14791.339999992,22762.473333000
Texas,TX,2002-10-01,66227,66002,225,65759,468,65479,748,143520,143142,378,142738,782,142231,1289,220814,220282,532,219717,1097,218983,1831,183,570.288055500,398,1235.866666666,613,1901.453888833,387.288055500,837.866666666,1288.453888833,6843.456666000,14830.399999992,22817.446665996
Texas,TX,2002-11-01,66489,66227,262,66002,487,65759,730,143933,143520,413,143142,791,142738,1195,221378,220814,564,220282,1096,219717,1661,184,572.544166666,399,1239.423055500,614,1906.310555500,388.544166666,840.423055500,1292.310555500,6870.529999992,14873.076666000,22875.726666000
Texas,TX,2002-12-01,66737,66489,248,66227,510,66002,735,144319,143933,386,143520,799,143142,1177,221902,221378,524,220814,1088,220282,1620,185,574.679722166,400,1242.746944416,616,1910.822777750,389.679722166,842.746944416,1294.822777750,6896.156665992,14912.963332992,22929.873333000
Texas,TX,2003-01-01,66918,66737,181,66489,429,66227,691,144594,144319,275,143933,661,143520,1074,222271,221902,369,221378,893,220814,1457,185,576.238333333,401,1245.115000000,617,1914.000277750,391.238333333,844.115000000,1297.000277750,6914.859999996,14941.380000000,22968.003333000
Texas,TX,2003-02-01,66982,66918,64,66737,245,66489,493,144657,144594,63,144319,338,143933,724,222332,222271,61,221902,430,221378,954,186,576.789444416,401,1245.657500000,617,1914.525555500,390.789444416,844.657500000,1297.525555500,6921.473332992,14947.890000000,22974.306666000
Texas,TX,2003-03-01,67006,66982,24,66918,88,66737,269,144627,144657,-30,144594,33,144319,308,222249,222332,-83,222271,-22,221902,347,186,576.996111083,401,1245.399166666,617,1913.810833333,390.996111083,844.399166666,1296.810833333,6923.953332996,14944.789999992,22965.729999996
Texas,TX,2003-04-01,67041,67006,35,66982,59,66918,123,144619,144627,-8,144657,-38,144594,25,222198,222249,-51,222332,-134,222271,-73,186,577.297500000,401,1245.330277750,617,1913.371666666,391.297500000,844.330277750,1296.371666666,6927.570000000,14943.963333000,22960.459999992
Texas,TX,2003-05-01,67119,67041,78,67006,113,66982,137,144694,144619,75,144627,67,144657,37,222269,222198,71,222249,20,222332,-63,186,577.969166666,401,1245.976111083,617,1913.983055500,391.969166666,844.976111083,1296.983055500,6935.629999992,14951.713332996,22967.796666000
Texas,TX,2003-06-01,67257,67119,138,67041,216,67006,251,144880,144694,186,144619,261,144627,253,222504,222269,235,222198,306,222249,255,186,579.157500000,402,1247.577777750,618,1916.006666666,393.157500000,845.577777750,1298.006666666,6949.890000000,14970.933333000,22992.079999992
Texas,TX,2003-07-01,67398,67257,141,67119,279,67041,357,145084,144880,204,144694,390,144619,465,222770,222504,266,222269,501,222198,572,187,580.371666666,403,1249.334444416,618,1918.297222166,393.371666666,846.334444416,1300.297222166,6964.459999992,14992.013332992,23019.566665992
Texas,TX,2003-08-01,67590,67398,192,67257,333,67119,471,145369,145084,285,144880,489,144694,675,223148,222770,378,222504,644,222269,879,187,582.025000000,403,1251.788611083,619,1921.552222166,395.025000000,848.788611083,1302.552222166,6984.300000000,15021.463332996,23058.626665992
Texas,TX,2003-09-01,67758,67590,168,67398,360,67257,501,145604,145369,235,145084,520,144880,724,223450,223148,302,222770,680,222504,946,188,583.471666666,404,1253.812222166,620,1924.152777750,395.471666666,849.812222166,1304.152777750,7001.659999992,15045.746665992,23089.833333000
Texas,TX,2003-10-01,67959,67758,201,67590,369,67398,561,145920,145604,316,145369,551,145084,836,223881,223450,431,223148,733,222770,1111,188,585.202500000,405,1256.533333333,621,1927.864166666,397.202500000,851.533333333,1306.864166666,7022.430000000,15078.399999996,23134.369999992
Texas,TX,2003-11-01,68137,67959,178,67758,379,67590,547,146216,145920,296,145604,612,145369,847,224295,223881,414,223450,845,223148,1147,189,586.735277750,406,1259.082222166,623,1931.429166666,397.735277750,853.082222166,1308.429166666,7040.823333000,15108.986665992,23177.149999992
Texas,TX,2003-12-01,68342,68137,205,67959,383,67758,584,146584,146216,368,145920,664,145604,980,224827,224295,532,223881,946,223450,1377,189,588.500555500,407,1262.251111083,624,1936.010277750,399.500555500,855.251111083,1312.010277750,7062.006666000,15147.013332996,23232.123333000
Texas,TX,2004-01-01,68712,68342,370,68137,575,67959,753,147249,146584,665,146216,1033,145920,1329,225787,224827,960,224295,1492,223881,1906,190,591.686666666,409,1267.977500000,627,1944.276944416,401.686666666,858.977500000,1317.276944416,7100.239999992,15215.730000000,23331.323332992
Texas,TX,2004-02-01,69324,68712,612,68342,982,68137,1187,148421,147249,1172,146584,1837,146216,2205,227518,225787,1731,224827,2691,224295,3223,192,596.956666666,412,1278.069722166,631,1959.182777750,404.956666666,866.069722166,1328.182777750,7163.479999992,15336.836665992,23510.193333000
Texas,TX,2004-03-01,70111,69324,787,68712,1399,68342,1769,149958,148421,1537,147249,2709,146584,3374,229805,227518,2287,225787,4018,224827,4978,194,603.733611083,416,1291.305000000,638,1978.876388833,409.733611083,875.305000000,1340.876388833,7244.803332996,15495.660000000,23746.516665996
Texas,TX,2004-04-01,70797,70111,686,69324,1473,68712,2085,151275,149958,1317,148421,2854,147249,4026,231754,229805,1949,227518,4236,225787,5967,196,609.640833333,420,1302.645833333,643,1995.659444416,413.640833333,882.645833333,1352.659444416,7315.689999996,15631.749999996,23947.913332992
Texas,TX,2004-05-01,71341,70797,544,70111,1230,69324,2017,152272,151275,997,149958,2314,148421,3851,233203,231754,1449,229805,3398,227518,5685,198,614.325277750,422,1311.231111083,647,2008.136944416,416.325277750,889.231111083,1361.136944416,7371.903333000,15734.773332996,24097.643332992
Texas,TX,2004-06-01,71711,71341,370,70797,914,70111,1600,152881,152272,609,151275,1606,149958,2923,234051,233203,848,231754,2297,229805,4246,199,617.511388833,424,1316.475277750,650,2015.439166666,418.511388833,892.475277750,1365.439166666,7410.136665996,15797.703333000,24185.269999992
Texas,TX,2004-07-01,72112,71711,401,71341,771,70797,1315,153585,152881,704,152272,1313,151275,2310,235058,234051,1007,233203,1855,231754,3304,200,620.964444416,426,1322.537500000,652,2024.110555500,420.964444416,896.537500000,1372.110555500,7451.573332992,15870.450000000,24289.326666000
Texas,TX,2004-08-01,72481,72112,369,71711,770,71341,1140,154237,153585,652,152881,1356,152272,1965,235993,235058,935,234051,1942,233203,2790,201,624.141944416,428,1328.151944416,655,2032.161944416,423.141944416,900.151944416,1377.161944416,7489.703332992,15937.823332992,24385.943332992
Texas,TX,2004-09-01,72899,72481,418,72112,787,71711,1188,155027,154237,790,153585,1442,152881,2146,237155,235993,1162,235058,2097,234051,3104,202,627.741388833,430,1334.954722166,658,2042.168055500,425.741388833,904.954722166,1384.168055500,7532.896665996,16019.456665992,24506.016666000
Texas,TX,2004-10-01,73292,72899,393,72481,811,72112,1180,155753,155027,726,154237,1516,153585,2168,238214,237155,1059,235993,2221,235058,3156,203,631.125555500,432,1341.206388833,661,2051.287222166,428.125555500,909.206388833,1390.287222166,7573.506666000,16094.476665996,24615.446665992
Texas,TX,2004-11-01,73658,73292,366,72899,759,72481,1177,156419,155753,666,155027,1392,154237,2182,239180,238214,966,237155,2025,235993,3187,204,634.277222166,434,1346.941388833,664,2059.605555500,430.277222166,912.941388833,1395.605555500,7611.326665992,16163.296665996,24715.266666000
Texas,TX,2004-12-01,74019,73658,361,73292,727,72899,1120,157070,156419,651,155753,1317,155027,2043,240122,239180,942,238214,1908,237155,2967,205,637.385833333,436,1352.547222166,667,2067.717222166,432.385833333,916.547222166,1400.717222166,7648.629999996,16230.566665992,24812.606665992
Texas,TX,2005-01-01,74408,74019,389,73658,750,73292,1116,157783,157070,713,156419,1364,155753,2030,241159,240122,1037,239180,1979,238214,2945,206,640.735555500,438,1358.686944416,669,2076.646944416,434.735555500,920.686944416,1407.646944416,7688.826666000,16304.243332992,24919.763332992
Texas,TX,2005-02-01,74692,74408,284,74019,673,73658,1034,158287,157783,504,157070,1217,156419,1868,241883,241159,724,240122,1761,239180,2703,207,643.181111083,439,1363.026944416,671,2082.881388833,436.181111083,924.026944416,1411.881388833,7718.173332996,16356.323332992,24994.576665996
Texas,TX,2005-03-01,74895,74692,203,74408,487,74019,876,158615,158287,328,157783,832,157070,1545,242335,241883,452,241159,1176,240122,2213,208,644.929166666,440,1365.851388833,673,2086.773611083,436.929166666,925.851388833,1413.773611083,7739.149999992,16390.216665996,25041.283332996
Texas,TX,2005-04-01,75035,74895,140,74692,343,74408,627,158851,158615,236,158287,564,157783,1068,242667,242335,332,241883,784,241159,1508,208,646.134722166,441,1367.883611083,674,2089.632500000,438.134722166,926.883611083,1415.632500000,7753.616665992,16414.603332996,25075.590000000
Texas,TX,2005-05-01,75222,75035,187,74895,327,74692,530,159196,158851,345,158615,581,158287,909,243170,242667,503,242335,835,241883,1287,208,647.745000000,442,1370.854444416,675,2093.963888833,439.745000000,928.854444416,1418.963888833,7772.940000000,16450.253332992,25127.566665996
Texas,TX,2005-06-01,75457,75222,235,75035,422,74895,562,159685,159196,489,158851,834,158615,1070,243914,243170,744,242667,1247,242335,1579,209,649.768611083,443,1375.065277750,677,2100.370555500,440.768611083,932.065277750,1423.370555500,7797.223332996,16500.783333000,25204.446666000
Texas,TX,2005-07-01,75683,75457,226,75222,461,75035,648,160125,159685,440,159196,929,158851,1274,244567,243914,653,243170,1397,242667,1900,210,651.714722166,444,1378.854166666,679,2105.993611083,441.714722166,934.854166666,1426.993611083,7820.576665992,16546.249999992,25271.923332996
Texas,TX,2005-08-01,75922,75683,239,75457,465,75222,700,160565,160125,440,159685,880,159196,1369,245208,244567,641,243914,1294,243170,2038,210,653.772777750,446,1382.643055500,681,2111.513333333,443.772777750,936.643055500,1430.513333333,7845.273333000,16591.716666000,25338.159999996
Texas,TX,2005-09-01,76141,75922,219,75683,458,75457,684,160948,160565,383,160125,823,159685,1263,245756,245208,548,244567,1189,243914,1842,211,655.658611083,447,1385.941111083,682,2116.232222166,444.658611083,938.941111083,1434.232222166,7867.903332996,16631.293332996,25394.786665992
Texas,TX,2005-10-01,76311,76141,170,75922,389,75683,628,161218,160948,270,160565,653,160125,1093,246125,245756,369,245208,917,244567,1558,211,657.122500000,447,1388.266111083,683,2119.409722166,446.122500000,941.266111083,1436.409722166,7885.470000000,16659.193332996,25432.916665992
Texas,TX,2005-11-01,76539,76311,228,76141,398,75922,617,161624,161218,406,160948,676,160565,1059,246710,246125,585,245756,954,245208,1502,212,659.085833333,448,1391.762222166,685,2124.447222166,447.085833333,943.762222166,1439.447222166,7909.029999996,16701.146665992,25493.366665992
Texas,TX,2005-12-01,76750,76539,211,76311,439,76141,609,161960,161624,336,161218,742,160948,1012,247170,246710,460,246125,1045,245756,1414,213,660.902777750,449,1394.655555500,686,2128.408333333,447.902777750,945.655555500,1442.408333333,7930.833333000,16735.866666000,25540.899999996
Texas,TX,2006-01-01,77008,76750,258,76539,469,76311,697,162420,161960,460,161624,796,161218,1202,247833,247170,663,246710,1123,246125,1708,213,663.124444416,451,1398.616666666,688,2134.117500000,450.124444416,947.616666666,1446.117500000,7957.493332992,16783.399999992,25609.410000000
Texas,TX,2006-02-01,77288,77008,280,76750,538,76539,749,162918,162420,498,161960,958,161624,1294,248549,247833,716,247170,1379,246710,1839,214,665.535555500,452,1402.905000000,690,2140.283055500,451.535555500,950.905000000,1450.283055500,7986.426666000,16834.860000000,25683.396666000
Texas,TX,2006-03-01,77580,77288,292,77008,572,76750,830,163461,162918,543,162420,1041,161960,1501,249342,248549,793,247833,1509,247170,2172,215,668.050000000,454,1407.580833333,692,2147.111666666,453.050000000,953.580833333,1455.111666666,8016.600000000,16890.969999996,25765.339999992
Texas,TX,2006-04-01,77863,77580,283,77288,575,77008,855,163985,163461,524,162918,1067,162420,1565,250107,249342,765,248549,1558,247833,2274,216,670.486944416,455,1412.093055500,694,2153.699166666,454.486944416,957.093055500,1459.699166666,8045.843332992,16945.116666000,25844.389999992
Texas,TX,2006-05-01,78201,77863,338,77580,621,77288,913,164595,163985,610,163461,1134,162918,1677,250990,250107,883,249342,1648,248549,2441,217,673.397500000,457,1417.345833333,697,2161.302777750,456.397500000,960.345833333,1464.302777750,8080.770000000,17008.149999996,25935.633333000
Texas,TX,2006-06-01,78555,78201,354,77863,692,77580,975,165224,164595,629,163985,1239,163461,1763,251893,250990,903,250107,1786,249342,2551,218,676.445833333,458,1422.762222166,699,2169.078611083,458.445833333,964.762222166,1470.078611083,8117.349999996,17073.146665992,26028.943332996
Texas,TX,2006-07-01,78925,78555,370,78201,724,77863,1062,165869,165224,645,164595,1274,163985,1884,252813,251893,920,250990,1823,250107,2706,219,679.631944416,460,1428.316388833,702,2177.000833333,460.631944416,968.316388833,1475.000833333,8155.583332992,17139.796665996,26124.009999996
Texas,TX,2006-08-01,79240,78925,315,78555,685,78201,1039,166438,165869,569,165224,1214,164595,1843,253636,252813,823,251893,1743,250990,2646,220,682.344444416,462,1433.216111083,704,2184.087777750,462.344444416,971.216111083,1480.087777750,8188.133332992,17198.593332996,26209.053333000
Texas,TX,2006-09-01,79584,79240,344,78925,659,78555,1029,167045,166438,607,165869,1176,165224,1821,254507,253636,871,252813,1694,251893,2614,221,685.306666666,464,1438.443055500,706,2191.588055500,464.306666666,974.443055500,1485.588055500,8223.679999992,17261.316666000,26299.056666000
Texas,TX,2006-10-01,79996,79584,412,79240,756,78925,1071,167811,167045,766,166438,1373,165869,1942,255626,254507,1119,253636,1990,252813,2813,222,688.854444416,466,1445.039166666,710,2201.223888833,466.854444416,979.039166666,1491.223888833,8266.253332992,17340.469999992,26414.686665996
Texas,TX,2006-11-01,80364,79996,368,79584,780,79240,1124,168467,167811,656,167045,1422,166438,2029,256570,255626,944,254507,2063,253636,2934,223,692.023333333,467,1450.688055500,712,2209.352777750,469.023333333,983.688055500,1497.352777750,8304.279999996,17408.256666000,26512.233333000
Texas,TX,2006-12-01,80710,80364,346,79996,714,79584,1126,169111,168467,644,167811,1300,167045,2066,257512,256570,942,255626,1886,254507,3005,224,695.002777750,469,1456.233611083,715,2217.464444416,471.002777750,987.233611083,1502.464444416,8340.033333000,17474.803332996,26609.573332992
Texas,TX,2007-01-01,80975,80710,265,80364,611,79996,979,169569,169111,458,168467,1102,167811,1758,258164,257512,652,256570,1594,255626,2538,224,697.284722166,471,1460.177500000,717,2223.078888833,473.284722166,989.177500000,1506.078888833,8367.416665992,17522.130000000,26676.946665996
Texas,TX,2007-02-01,81173,80975,198,80710,463,80364,809,169879,169569,310,169111,768,168467,1412,258586,258164,422,257512,1074,256570,2016,225,698.989722166,471,1462.846944416,718,2226.712777750,473.989722166,991.846944416,1508.712777750,8387.876665992,17554.163332992,26720.553333000
Texas,TX,2007-03-01,81320,81173,147,80975,345,80710,610,170079,169879,200,169569,510,169111,968,258838,258586,252,258164,674,257512,1326,225,700.255555500,472,1464.569166666,718,2228.882777750,475.255555500,992.569166666,1510.882777750,8403.066666000,17574.829999992,26746.593333000
Texas,TX,2007-04-01,81542,81320,222,81173,369,80975,567,170404,170079,325,169879,525,169569,835,259266,258838,428,258586,680,258164,1102,226,702.167222166,473,1467.367777750,720,2232.568333333,476.167222166,994.367777750,1512.568333333,8426.006665992,17608.413333000,26790.819999996
Texas,TX,2007-05-01,81762,81542,220,81320,442,81173,589,170763,170404,359,170079,684,169879,884,259764,259266,498,258838,926,258586,1178,227,704.061666666,474,1470.459166666,721,2236.856666666,477.061666666,996.459166666,1515.856666666,8448.739999992,17645.509999992,26842.279999992
Texas,TX,2007-06-01,82007,81762,245,81542,465,81320,687,171189,170763,426,170404,785,170079,1110,260371,259764,607,259266,1105,258838,1533,227,706.171388833,475,1474.127500000,723,2242.083611083,479.171388833,999.127500000,1519.083611083,8474.056665996,17689.530000000,26905.003332996
Texas,TX,2007-07-01,82166,82007,159,81762,404,81542,624,171463,171189,274,170763,700,170404,1059,260761,260371,390,259764,997,259266,1495,228,707.540555500,476,1476.486944416,724,2245.441944416,479.540555500,1000.486944416,1521.441944416,8490.486666000,17717.843332992,26945.303332992
Texas,TX,2007-08-01,82434,82166,268,82007,427,81762,672,171945,171463,482,171189,756,170763,1182,261456,260761,695,260371,1085,259764,1692,228,709.848333333,477,1480.637500000,726,2251.426666666,481.848333333,1003.637500000,1525.426666666,8518.179999996,17767.650000000,27017.119999992
Texas,TX,2007-09-01,82690,82434,256,82166,524,82007,683,172410,171945,465,171463,947,171189,1221,262131,261456,675,260761,1370,260371,1760,229,712.052777750,478,1484.641666666,728,2257.239166666,483.052777750,1006.641666666,1529.239166666,8544.633333000,17815.699999992,27086.869999992
Texas,TX,2007-10-01,82908,82690,218,82434,474,82166,742,172828,172410,418,171945,883,171463,1365,262749,262131,618,261456,1293,260761,1988,230,713.930000000,480,1488.241111083,729,2262.560833333,483.930000000,1008.241111083,1533.560833333,8567.160000000,17858.893332996,27150.729999996
Texas,TX,2007-11-01,83060,82908,152,82690,370,82434,626,173115,172828,287,172410,705,171945,1170,263170,262749,421,262131,1039,261456,1714,230,715.238888833,480,1490.712500000,731,2266.186111083,485.238888833,1010.712500000,1535.186111083,8582.866665996,17888.550000000,27194.233332996
Texas,TX,2007-12-01,83176,83060,116,82908,268,82690,486,173361,173115,246,172828,533,172410,951,263546,263170,376,262749,797,262131,1415,231,716.237777750,481,1492.830833333,732,2269.423888833,485.237777750,1011.830833333,1537.423888833,8594.853333000,17913.969999996,27233.086665996
Texas,TX,2008-01-01,83073,83176,-103,83060,13,82908,165,173128,173361,-233,173115,13,172828,300,263184,263546,-362,263170,14,262749,435,230,715.350833333,480,1490.824444416,731,2266.306666666,485.350833333,1010.824444416,1535.306666666,8584.209999996,17889.893332992,27195.679999992
Texas,TX,2008-02-01,82863,83073,-210,83176,-313,83060,-197,172687,173128,-441,173361,-674,173115,-428,262512,263184,-672,263546,-1034,263170,-658,230,713.542500000,479,1487.026944416,729,2260.520000000,483.542500000,1008.026944416,1531.520000000,8562.510000000,17844.323332992,27126.240000000
Texas,TX,2008-03-01,82587,82863,-276,83073,-486,83176,-589,172100,172687,-587,173128,-1028,173361,-1261,261614,262512,-898,263184,-1570,263546,-1932,229,711.165833333,478,1481.972222166,726,2252.787222166,482.165833333,1003.972222166,1526.787222166,8533.989999996,17783.666665992,27033.446665992
Texas,TX,2008-04-01,82403,82587,-184,82863,-460,83073,-670,171756,172100,-344,172687,-931,173128,-1372,261110,261614,-504,262512,-1402,263184,-2074,228,709.581388833,477,1479.010000000,725,2248.447222166,481.581388833,1002.010000000,1523.447222166,8514.976665996,17748.120000000,26981.366665992
Texas,TX,2008-05-01,82197,82403,-206,82587,-390,82863,-666,171383,171756,-373,172100,-717,172687,-1304,260569,261110,-541,261614,-1045,262512,-1943,228,707.807500000,476,1475.798055500,723,2243.788611083,479.807500000,999.798055500,1520.788611083,8493.690000000,17709.576666000,26925.463332996
Texas,TX,2008-06-01,81994,82197,-203,82403,-409,82587,-593,171007,171383,-376,171756,-749,172100,-1093,260021,260569,-548,261110,-1089,261614,-1593,227,706.059444416,475,1472.560277750,722,2239.069722166,479.059444416,997.560277750,1517.069722166,8472.713332992,17670.723333000,26868.836665992
Texas,TX,2008-07-01,81832,81994,-162,82197,-365,82403,-571,170730,171007,-277,171383,-653,171756,-1026,259628,260021,-393,260569,-941,261110,-1482,227,704.664444416,474,1470.175000000,721,2235.685555500,477.664444416,996.175000000,1514.685555500,8455.973332992,17642.100000000,26828.226666000
Texas,TX,2008-08-01,81593,81832,-239,81994,-401,82197,-604,170312,170730,-418,171007,-695,171383,-1071,259032,259628,-596,260021,-989,260569,-1537,226,702.606388833,473,1466.575555500,719,2230.553333333,476.606388833,993.575555500,1511.553333333,8431.276665996,17598.906666000,26766.639999996
Texas,TX,2008-09-01,81298,81593,-295,81832,-534,81994,-696,169796,170312,-516,170730,-934,171007,-1211,258295,259032,-737,259628,-1333,260021,-1726,225,700.066111083,471,1462.132222166,717,2224.206944416,475.066111083,991.132222166,1507.206944416,8400.793332996,17545.586665992,26690.483332992
Texas,TX,2008-10-01,80988,81298,-310,81593,-605,81832,-844,169223,169796,-573,170312,-1089,170730,-1507,257458,258295,-837,259032,-1574,259628,-2170,224,697.396666666,470,1457.198055500,715,2216.999444416,473.396666666,987.198055500,1501.999444416,8368.759999992,17486.376666000,26603.993332992
Texas,TX,2008-11-01,80663,80988,-325,81298,-635,81593,-930,168569,169223,-654,169796,-1227,170312,-1743,256476,257458,-982,258295,-1819,259032,-2556,224,694.598055500,468,1451.566388833,712,2208.543333333,470.598055500,983.566388833,1496.543333333,8335.176666000,17418.796665996,26502.519999996
Texas,TX,2008-12-01,80365,80663,-298,80988,-623,81298,-933,167952,168569,-617,169223,-1271,169796,-1844,255539,256476,-937,257458,-1919,258295,-2756,223,692.031944416,466,1446.253333333,709,2200.474722166,469.031944416,980.253333333,1491.474722166,8304.383332992,17355.039999996,26405.696665992
Texas,TX,2009-01-01,80176,80365,-189,80663,-487,80988,-812,167602,167952,-350,168569,-967,169223,-1621,255028,255539,-511,256476,-1448,257458,-2430,222,690.404444416,465,1443.239444416,708,2196.074444416,468.404444416,978.239444416,1488.074444416,8284.853332992,17318.873332992,26352.893332992
Texas,TX,2009-02-01,80139,80176,-37,80365,-226,80663,-524,167569,167602,-33,167952,-383,168569,-1000,254999,255028,-29,255539,-540,256476,-1477,222,690.085833333,465,1442.955277750,708,2195.824722166,468.085833333,977.955277750,1487.824722166,8281.029999996,17315.463333000,26349.896665992
Texas,TX,2009-03-01,80142,80139,3,80176,-34,80365,-223,167615,167569,46,167602,13,167952,-337,255088,254999,89,255028,60,255539,-451,222,690.111666666,465,1443.351388833,708,2196.591111083,468.111666666,978.351388833,1488.591111083,8281.339999992,17320.216665996,26359.093332996
Texas,TX,2009-04-01,80063,80142,-79,80139,-76,80176,-113,167446,167615,-169,167569,-123,167602,-156,254829,255088,-259,254999,-170,255028,-199,222,689.431388833,465,1441.896111083,707,2194.360833333,467.431388833,976.896111083,1487.360833333,8273.176665996,17302.753332996,26332.329999996
Texas,TX,2009-05-01,79956,80063,-107,80142,-186,80139,-183,167233,167446,-213,167615,-382,167569,-336,254510,254829,-319,255088,-578,254999,-489,222,688.510000000,464,1440.061944416,706,2191.613888833,466.510000000,976.061944416,1485.613888833,8262.120000000,17280.743332992,26299.366665996
Texas,TX,2009-06-01,79843,79956,-113,80063,-220,80142,-299,167029,167233,-204,167446,-417,167615,-586,254216,254510,-294,254829,-613,255088,-872,221,687.536944416,463,1438.305277750,706,2189.082222166,466.536944416,975.305277750,1483.082222166,8250.443332992,17259.663333000,26268.986665992
Texas,TX,2009-07-01,79784,79843,-59,79956,-172,80063,-279,166947,167029,-82,167233,-286,167446,-499,254111,254216,-105,254510,-399,254829,-718,221,687.028888833,463,1437.599166666,705,2188.178055500,466.028888833,974.599166666,1483.178055500,8244.346665996,17251.189999992,26258.136666000
Texas,TX,2009-08-01,79702,79784,-82,79843,-141,79956,-254,166794,166947,-153,167029,-235,167233,-439,253886,254111,-225,254216,-330,254510,-624,221,686.322777750,463,1436.281666666,705,2186.240555500,465.322777750,973.281666666,1481.240555500,8235.873333000,17235.379999992,26234.886666000
Texas,TX,2009-09-01,79641,79702,-61,79784,-143,79843,-202,166667,166794,-127,166947,-280,167029,-362,253694,253886,-192,254111,-417,254216,-522,221,685.797500000,462,1435.188055500,704,2184.587222166,464.797500000,973.188055500,1480.587222166,8229.570000000,17222.256666000,26215.046665992
Texas,TX,2009-10-01,79572,79641,-69,79702,-130,79784,-212,166516,166667,-151,166794,-278,166947,-431,253461,253694,-233,253886,-425,254111,-650,221,685.203333333,462,1433.887777750,704,2182.580833333,464.203333333,971.887777750,1478.580833333,8222.439999996,17206.653333000,26190.969999996
Texas,TX,2009-11-01,79660,79572,88,79641,19,79702,-42,166750,166516,234,166667,83,166794,-44,253840,253461,379,253694,146,253886,-46,221,685.961111083,463,1435.902777750,705,2185.844444416,464.961111083,972.902777750,1480.844444416,8231.533332996,17230.833333000,26230.133332992
Texas,TX,2009-12-01,79738,79660,78,79572,166,79641,97,166934,166750,184,166516,418,166667,267,254131,253840,291,253461,670,253694,437,221,686.632777750,463,1437.487222166,705,2188.350277750,465.632777750,974.487222166,1483.350277750,8239.593333000,17249.846665992,26260.203333000
Texas,TX,2010-01-01,79798,79738,60,79660,138,79572,226,167038,166934,104,166750,288,166516,522,254278,254131,147,253840,438,253461,817,221,687.149444416,463,1438.382777750,706,2189.616111083,466.149444416,975.382777750,1483.616111083,8245.793332992,17260.593333000,26275.393332996
Texas,TX,2010-02-01,79786,79798,-12,79738,48,79660,126,166993,167038,-45,166934,59,166750,243,254200,254278,-78,254131,69,253840,360,221,687.046111083,463,1437.995277750,706,2188.944444416,466.046111083,974.995277750,1482.944444416,8244.553332996,17255.943333000,26267.333332992
Texas,TX,2010-03-01,79781,79786,-5,79798,-17,79738,43,166988,166993,-5,167038,-50,166934,54,254196,254200,-4,254278,-82,254131,65,221,687.003055500,463,1437.952222166,706,2188.910000000,466.003055500,974.952222166,1482.910000000,8244.036666000,17255.426665992,26266.920000000
Texas,TX,2010-04-01,79813,79781,32,79786,27,79798,15,167080,166988,92,166993,87,167038,42,254348,254196,152,254200,148,254278,70,221,687.278611083,464,1438.744444416,706,2190.218888833,466.278611083,974.744444416,1484.218888833,8247.343332996,17264.933332992,26282.626665996
Texas,TX,2010-05-01,79822,79813,9,79781,41,79786,36,167086,167080,6,166988,98,166993,93,254350,254348,2,254196,154,254200,150,221,687.356111083,464,1438.796111083,706,2190.236111083,466.356111083,974.796111083,1484.236111083,8248.273332996,17265.553332996,26282.833332996
Texas,TX,2010-06-01,79764,79822,-58,79813,-49,79781,-17,166941,167086,-145,167080,-139,166988,-47,254119,254350,-231,254348,-229,254196,-77,221,686.856666666,463,1437.547500000,705,2188.246944416,465.856666666,974.547500000,1483.246944416,8242.279999992,17250.570000000,26258.963332992
Texas,TX,2010-07-01,79518,79764,-246,79822,-304,79813,-295,166419,166941,-522,167086,-667,167080,-661,253321,254119,-798,254350,-1029,254348,-1027,220,684.738333333,462,1433.052500000,703,2181.375277750,464.738333333,971.052500000,1478.375277750,8216.859999996,17196.630000000,26176.503333000
Texas,TX,2010-08-01,79247,79518,-271,79764,-517,79822,-575,165857,166419,-562,166941,-1084,167086,-1229,252467,253321,-854,254119,-1652,254350,-1883,220,682.404722166,460,1428.213055500,701,2174.021388833,462.404722166,968.213055500,1473.021388833,8188.856665992,17138.556666000,26088.256665996
Texas,TX,2010-09-01,78958,79247,-289,79518,-560,79764,-806,165285,165857,-572,166419,-1134,166941,-1656,251612,252467,-855,253321,-1709,254119,-2507,219,679.916111083,459,1423.287500000,698,2166.658888833,460.916111083,964.287500000,1468.658888833,8158.993332996,17079.450000000,25999.906665996
Texas,TX,2010-10-01,78727,78958,-231,79247,-520,79518,-791,164843,165285,-442,165857,-1014,166419,-1576,250959,251612,-653,252467,-1508,253321,-2362,218,677.926944416,457,1419.481388833,697,2161.035833333,459.926944416,962.481388833,1464.035833333,8135.123332992,17033.776665996,25932.429999996
Texas,TX,2010-11-01,78434,78727,-293,78958,-524,79247,-813,164261,164843,-582,165285,-1024,165857,-1596,250089,250959,-870,251612,-1523,252467,-2378,217,675.403888833,456,1414.469722166,694,2153.544166666,458.403888833,958.469722166,1459.544166666,8104.846665996,16973.636665992,25842.529999992
Texas,TX,2010-12-01,78181,78434,-253,78727,-546,78958,-777,163789,164261,-472,164843,-1054,165285,-1496,249398,250089,-691,250959,-1561,251612,-2214,217,673.225277750,454,1410.405277750,692,2147.593888833,456.225277750,956.405277750,1455.593888833,8078.703333000,16924.863333000,25771.126665996
Texas,TX,2011-01-01,77916,78181,-265,78434,-518,78727,-811,163341,163789,-448,164261,-920,164843,-1502,248767,249398,-631,250089,-1322,250959,-2192,216,670.943333333,453,1406.547500000,691,2142.160277750,454.943333333,953.547500000,1451.160277750,8051.319999996,16878.570000000,25705.923333000
Texas,TX,2011-02-01,77605,77916,-311,78181,-576,78434,-829,162794,163341,-547,163789,-995,164261,-1467,247983,248767,-784,249398,-1415,250089,-2106,215,668.265277750,452,1401.837222166,688,2135.409166666,453.265277750,949.837222166,1447.409166666,8019.183333000,16822.046665992,25624.909999992
Texas,TX,2011-03-01,77281,77605,-324,77916,-635,78181,-900,162190,162794,-604,163341,-1151,163789,-1599,247099,247983,-884,248767,-1668,249398,-2299,214,665.475277750,450,1396.636111083,686,2127.796944416,451.475277750,946.636111083,1441.796944416,7985.703333000,16759.633332996,25533.563332992
Texas,TX,2011-04-01,76961,77281,-320,77605,-644,77916,-955,161594,162190,-596,162794,-1200,163341,-1747,246228,247099,-871,247983,-1755,248767,-2539,213,662.719722166,448,1391.503888833,683,2120.296666666,449.719722166,943.503888833,1437.296666666,7952.636665992,16698.046665996,25443.559999992
Texas,TX,2011-05-01,76689,76961,-272,77281,-592,77605,-916,161127,161594,-467,162190,-1063,162794,-1667,245565,246228,-663,247099,-1534,247983,-2418,213,660.377500000,447,1387.482500000,682,2114.587500000,447.377500000,940.482500000,1432.587500000,7924.530000000,16649.790000000,25375.050000000
Texas,TX,2011-06-01,76449,76689,-240,76961,-512,77281,-832,160740,161127,-387,161594,-854,162190,-1450,245032,245565,-533,246228,-1196,247099,-2067,212,658.310833333,446,1384.150000000,680,2109.997777750,446.310833333,938.150000000,1429.997777750,7899.729999996,16609.800000000,25319.973333000
Texas,TX,2011-07-01,76342,76449,-107,76689,-347,76961,-619,160626,160740,-114,161127,-501,161594,-968,244911,245032,-121,245565,-654,246228,-1317,212,657.389444416,446,1383.168333333,680,2108.955833333,445.389444416,937.168333333,1428.955833333,7888.673332992,16598.019999996,25307.469999996
Texas,TX,2011-08-01,76311,76342,-31,76449,-138,76689,-378,160662,160626,36,160740,-78,161127,-465,245013,244911,102,245032,-19,245565,-552,211,657.122500000,446,1383.478333333,680,2109.834166666,446.122500000,937.478333333,1429.834166666,7885.470000000,16601.739999996,25318.009999992
Texas,TX,2011-09-01,76354,76311,43,76342,12,76449,-95,160819,160662,157,160626,193,160740,79,245284,245013,271,244911,373,245032,252,212,657.492777750,446,1384.830277750,681,2112.167777750,445.492777750,938.830277750,1431.167777750,7889.913333000,16617.963333000,25346.013333000
Texas,TX,2011-10-01,76360,76354,6,76311,49,76342,18,160882,160819,63,160662,220,160626,256,245404,245284,120,245013,391,244911,493,212,657.544444416,446,1385.372777750,681,2113.201111083,445.544444416,939.372777750,1432.201111083,7890.533332992,16624.473333000,25358.413332996
Texas,TX,2011-11-01,76302,76360,-58,76354,-52,76311,-9,160798,160882,-84,160819,-21,160662,136,245294,245404,-110,245284,10,245013,281,211,657.045000000,446,1384.649444416,681,2112.253888833,446.045000000,938.649444416,1431.253888833,7884.540000000,16615.793332992,25347.046665996
Texas,TX,2011-12-01,76216,76302,-86,76360,-144,76354,-138,160656,160798,-142,160882,-226,160819,-163,245096,245294,-198,245404,-308,245284,-188,211,656.304444416,446,1383.426666666,680,2110.548888833,445.304444416,937.426666666,1430.548888833,7875.653332992,16601.119999992,25326.586665996
Texas,TX,2012-01-01,76214,76216,-2,76302,-88,76360,-146,160670,160656,14,160798,-128,160882,-212,245127,245096,31,245294,-167,245404,-277,211,656.287222166,446,1383.547222166,680,2110.815833333,445.287222166,937.547222166,1430.815833333,7875.446665992,16602.566665992,25329.789999996
Texas,TX,2012-02-01,76348,76214,134,76216,132,76302,46,160994,160670,324,160656,338,160798,196,245641,245127,514,245096,545,245294,347,212,657.441111083,447,1386.337222166,682,2115.241944416,445.441111083,939.337222166,1433.241944416,7889.293332996,16636.046665992,25382.903332992
Texas,TX,2012-03-01,76537,76348,189,76214,323,76216,321,161460,160994,466,160670,790,160656,804,246383,245641,742,245127,1256,245096,1287,212,659.068611083,448,1390.350000000,684,2121.631388833,447.068611083,942.350000000,1437.631388833,7908.823332996,16684.200000000,25459.576665996
Texas,TX,2012-04-01,76692,76537,155,76348,344,76214,478,161887,161460,427,160994,893,160670,1217,247082,246383,699,245641,1441,245127,1955,213,660.403333333,449,1394.026944416,686,2127.650555500,447.403333333,945.026944416,1441.650555500,7924.839999996,16728.323332992,25531.806666000
Texas,TX,2012-05-01,76875,76692,183,76537,338,76348,527,162340,161887,453,161460,880,160994,1346,247806,247082,724,246383,1423,245641,2165,213,661.979166666,450,1397.927777750,688,2133.885000000,448.979166666,947.927777750,1445.885000000,7943.749999992,16775.133333000,25606.620000000
Texas,TX,2012-06-01,77074,76875,199,76692,382,76537,537,162796,162340,456,161887,909,161460,1336,248518,247806,712,247082,1436,246383,2135,214,663.692777750,452,1401.854444416,690,2140.016111083,449.692777750,949.854444416,1450.016111083,7964.313333000,16822.253332992,25680.193332996
Texas,TX,2012-07-01,77330,77074,256,76875,455,76692,638,163313,162796,517,162340,973,161887,1426,249297,248518,779,247806,1491,247082,2215,214,665.897222166,453,1406.306388833,692,2146.724166666,451.897222166,953.306388833,1454.724166666,7990.766665992,16875.676665996,25760.689999992
Texas,TX,2012-08-01,77560,77330,230,77074,486,76875,685,163791,163313,478,162796,995,162340,1451,250022,249297,725,248518,1504,247806,2216,215,667.877777750,454,1410.422500000,694,2152.967222166,452.877777750,956.422500000,1458.967222166,8014.533333000,16925.070000000,25835.606665992
Texas,TX,2012-09-01,77736,77560,176,77330,406,77074,662,164189,163791,398,163313,876,162796,1393,250642,250022,620,249297,1345,248518,2124,215,669.393333333,456,1413.849722166,696,2158.306111083,454.393333333,957.849722166,1462.306111083,8032.719999996,16966.196665992,25899.673332996
Texas,TX,2012-10-01,77897,77736,161,77560,337,77330,567,164587,164189,398,163791,796,163313,1274,251277,250642,635,250022,1255,249297,1980,216,670.779722166,457,1417.276944416,697,2163.774166666,454.779722166,960.276944416,1466.774166666,8049.356665992,17007.323332992,25965.289999992
Texas,TX,2012-11-01,78149,77897,252,77736,413,77560,589,165180,164587,593,164189,991,163791,1389,252212,251277,935,250642,1570,250022,2190,217,672.949722166,458,1422.383333333,700,2171.825555500,455.949722166,964.383333333,1471.825555500,8075.396665992,17068.599999996,26061.906666000
Texas,TX,2012-12-01,78484,78149,335,77897,587,77736,748,165945,165180,765,164587,1358,164189,1756,253407,252212,1195,251277,2130,250642,2765,218,675.834444416,460,1428.970833333,703,2182.115833333,457.834444416,968.970833333,1479.115833333,8110.013332992,17147.649999996,26185.389999996
Texas,TX,2013-01-01,78884,78484,400,78149,735,77897,987,166853,165945,908,165180,1673,164587,2266,254822,253407,1415,252212,2610,251277,3545,219,679.278888833,463,1436.789722166,707,2194.300555500,460.278888833,973.789722166,1487.300555500,8151.346665996,17241.476665992,26331.606666000
Texas,TX,2013-02-01,79263,78884,379,78484,779,78149,1114,167693,166853,840,165945,1748,165180,2513,256124,254822,1302,253407,2717,252212,3912,220,682.542500000,465,1444.023055500,711,2205.512222166,462.542500000,979.023055500,1494.512222166,8190.510000000,17328.276666000,26466.146665992
Texas,TX,2013-03-01,79709,79263,446,78884,825,78484,1225,168668,167693,975,166853,1815,165945,2723,257627,256124,1503,254822,2805,253407,4220,221,686.383055500,468,1452.418888833,715,2218.454722166,465.383055500,984.418888833,1503.454722166,8236.596666000,17429.026665996,26621.456665992
Texas,TX,2013-04-01,80208,79709,499,79263,945,78884,1324,169735,168668,1067,167693,2042,166853,2882,259263,257627,1636,256124,3139,254822,4441,222,690.680000000,471,1461.606944416,720,2232.542500000,468.680000000,990.606944416,1512.542500000,8288.160000000,17539.283332992,26790.510000000
Texas,TX,2013-05-01,80708,80208,500,79709,999,79263,1445,170834,169735,1099,168668,2166,167693,3141,260960,259263,1697,257627,3333,256124,4836,224,694.985555500,474,1471.070555500,724,2247.155555500,470.985555500,997.070555500,1523.155555500,8339.826666000,17652.846666000,26965.866666000
Texas,TX,2013-06-01,81197,80708,489,80208,989,79709,1488,171930,170834,1096,169735,2195,168668,3262,262664,260960,1704,259263,3401,257627,5037,225,699.196388833,477,1480.508333333,729,2261.828888833,474.196388833,1003.508333333,1532.828888833,8390.356665996,17766.099999996,27141.946665996
Texas,TX,2013-07-01,81689,81197,492,80708,981,80208,1481,173051,171930,1121,170834,2217,169735,3316,264414,262664,1750,260960,3454,259263,5151,226,703.433055500,480,1490.161388833,734,2276.898333333,477.433055500,1010.161388833,1542.898333333,8441.196666000,17881.936665996,27322.779999996
Texas,TX,2013-08-01,82207,81689,518,81197,1010,80708,1499,174211,173051,1160,171930,2281,170834,3377,266216,264414,1802,262664,3552,260960,5256,228,707.893611083,483,1500.150277750,739,2292.415555500,479.893611083,1017.150277750,1553.415555500,8494.723332996,18001.803333000,27508.986666000
Texas,TX,2013-09-01,82793,82207,586,81689,1104,81197,1596,175482,174211,1271,173051,2431,171930,3552,268172,266216,1956,264414,3758,262664,5508,229,712.939722166,487,1511.095000000,744,2309.258888833,483.939722166,1024.095000000,1565.258888833,8555.276665992,18133.140000000,27711.106665996
Texas,TX,2013-10-01,83410,82793,617,82207,1203,81689,1721,176815,175482,1333,174211,2604,173051,3764,270220,268172,2048,266216,4004,264414,5806,231,718.252777750,491,1522.573611083,750,2326.894444416,487.252777750,1031.573611083,1576.894444416,8619.033333000,18270.883332996,27922.733332992
Texas,TX,2013-11-01,84030,83410,620,82793,1237,82207,1823,178160,176815,1345,175482,2678,174211,3949,272291,270220,2071,268172,4119,266216,6075,233,723.591666666,494,1534.155555500,756,2344.728055500,490.591666666,1040.155555500,1588.728055500,8683.099999992,18409.866666000,28136.736666000
Texas,TX,2013-12-01,84581,84030,551,83410,1171,82793,1788,179352,178160,1192,176815,2537,175482,3870,274124,272291,1833,270220,3904,268172,5952,234,728.336388833,498,1544.420000000,761,2360.512222166,494.336388833,1046.420000000,1599.512222166,8740.036665996,18533.040000000,28326.146665992
Texas,TX,2014-01-01,85093,84581,512,84030,1063,83410,1683,180443,179352,1091,178160,2283,176815,3628,275793,274124,1669,272291,3502,270220,5573,236,732.745277750,501,1553.814722166,766,2374.884166666,496.745277750,1052.814722166,1608.884166666,8792.943333000,18645.776665992,28498.609999992
Texas,TX,2014-02-01,85612,85093,519,84581,1031,84030,1582,181555,180443,1112,179352,2203,178160,3395,277499,275793,1706,274124,3375,272291,5208,237,737.214444416,504,1563.390277750,770,2389.574722166,500.214444416,1059.390277750,1619.574722166,8846.573332992,18760.683333000,28674.896665992
Texas,TX,2014-03-01,86072,85612,460,85093,979,84581,1491,182539,181555,984,180443,2096,179352,3187,279006,277499,1507,275793,3213,274124,4882,239,741.175555500,507,1571.863611083,775,2402.551666666,502.175555500,1064.863611083,1627.551666666,8894.106666000,18862.363332996,28830.619999992
Texas,TX,2014-04-01,86505,86072,433,85612,893,85093,1412,183462,182539,923,181555,1907,180443,3019,280420,279006,1414,277499,2921,275793,4627,240,744.904166666,509,1579.811666666,778,2414.727777750,504.904166666,1070.811666666,1636.727777750,8938.849999992,18957.739999992,28976.733333000
Texas,TX,2014-05-01,86971,86505,466,86072,899,85612,1359,184407,183462,945,182539,1868,181555,2852,281843,280420,1423,279006,2837,277499,4344,241,748.916944416,512,1587.949166666,782,2426.981388833,507.916944416,1075.949166666,1644.981388833,8987.003332992,19055.389999992,29123.776665996
Texas,TX,2014-06-01,87519,86971,548,86505,1014,86072,1447,185527,184407,1120,183462,2065,182539,2988,283536,281843,1693,280420,3116,279006,4530,243,753.635833333,515,1597.593611083,787,2441.560000000,510.635833333,1082.593611083,1654.560000000,9043.629999996,19171.123332996,29298.720000000
Texas,TX,2014-07-01,88048,87519,529,86971,1077,86505,1543,186630,185527,1103,184407,2223,183462,3168,285213,283536,1677,281843,3370,280420,4793,244,758.191111083,518,1607.091666666,792,2456.000833333,514.191111083,1089.091666666,1664.000833333,9098.293332996,19285.099999992,29472.009999996
Texas,TX,2014-08-01,88624,88048,576,87519,1105,86971,1653,187851,186630,1221,185527,2324,184407,3444,287079,285213,1866,283536,3543,281843,5236,246,763.151111083,521,1617.605833333,797,2472.069166666,517.151111083,1096.605833333,1675.069166666,9157.813332996,19411.269999996,29664.829999992
Texas,TX,2014-09-01,89203,88624,579,88048,1155,87519,1684,189064,187851,1213,186630,2434,185527,3537,288925,287079,1846,285213,3712,283536,5389,247,768.136944416,525,1628.051111083,802,2487.965277750,521.136944416,1103.051111083,1685.965277750,9217.643332992,19536.613332996,29855.583333000
Texas,TX,2014-10-01,89808,89203,605,88624,1184,88048,1760,190302,189064,1238,187851,2451,186630,3672,290796,288925,1871,287079,3717,285213,5583,249,773.346666666,528,1638.711666666,807,2504.076666666,524.346666666,1110.711666666,1697.076666666,9280.159999992,19664.539999992,30048.919999992
Texas,TX,2014-11-01,90399,89808,591,89203,1196,88624,1775,191501,190302,1199,189064,2437,187851,3650,292603,290796,1807,288925,3678,287079,5524,251,778.435833333,531,1649.036388833,812,2519.636944416,527.435833333,1118.036388833,1707.636944416,9341.229999996,19788.436665996,30235.643332992
Texas,TX,2014-12-01,90999,90399,600,89808,1191,89203,1796,192711,191501,1210,190302,2409,189064,3647,294423,292603,1820,290796,3627,288925,5498,252,783.602500000,535,1659.455833333,817,2535.309166666,531.602500000,1124.455833333,1718.309166666,9403.230000000,19913.469999996,30423.709999992
Texas,TX,2015-01-01,91587,90999,588,90399,1188,89808,1779,193919,192711,1208,191501,2418,190302,3617,296251,294423,1828,292603,3648,290796,5455,254,788.665833333,538,1669.858055500,822,2551.050277750,534.665833333,1131.858055500,1729.050277750,9463.989999996,20038.296666000,30612.603333000
Texas,TX,2015-02-01,92180,91587,593,90999,1181,90399,1781,195106,193919,1187,192711,2395,191501,3605,298033,296251,1782,294423,3610,292603,5430,256,793.772222166,541,1680.079444416,827,2566.395277750,537.772222166,1139.079444416,1739.395277750,9525.266665992,20160.953332992,30796.743333000
Texas,TX,2015-03-01,92807,92180,627,91587,1220,90999,1808,196382,195106,1276,193919,2463,192711,3671,299958,298033,1925,296251,3707,294423,5535,257,799.171388833,545,1691.067222166,833,2582.971666666,542.171388833,1146.067222166,1749.971666666,9590.056665996,20292.806665992,30995.659999992
Texas,TX,2015-04-01,93479,92807,672,92180,1299,91587,1892,197697,196382,1315,195106,2591,193919,3778,301916,299958,1958,298033,3883,296251,5665,259,804.958055500,549,1702.390833333,838,2599.832222166,545.958055500,1153.390833333,1761.832222166,9659.496666000,20428.689999996,31197.986665992
Texas,TX,2015-05-01,94107,93479,628,92807,1300,92180,1927,198949,197697,1252,196382,2567,195106,3843,303792,301916,1876,299958,3834,298033,5759,261,810.365833333,552,1713.171944416,843,2615.986666666,549.365833333,1161.171944416,1772.986666666,9724.389999996,20558.063332992,31391.839999992
Texas,TX,2015-06-01,94733,94107,626,93479,1254,92807,1926,200163,198949,1214,197697,2466,196382,3781,305594,303792,1802,301916,3678,299958,5636,263,815.756388833,556,1723.625833333,848,2631.503888833,552.756388833,1167.625833333,1783.503888833,9789.076665996,20683.509999996,31578.046665996
Texas,TX,2015-07-01,95330,94733,597,94107,1223,93479,1851,201325,200163,1162,198949,2376,197697,3628,307321,305594,1727,303792,3529,301916,5405,264,820.897222166,559,1733.631944416,853,2646.375277750,556.897222166,1174.631944416,1793.375277750,9850.766665992,20803.583332992,31756.503333000
Texas,TX,2015-08-01,95917,95330,587,94733,1184,94107,1810,202405,201325,1080,200163,2242,198949,3456,308893,307321,1572,305594,3299,303792,5101,266,825.951944416,562,1742.931944416,858,2659.911944416,559.951944416,1180.931944416,1801.911944416,9911.423332992,20915.183332992,31918.943332992
Texas,TX,2015-09-01,96439,95917,522,95330,1109,94733,1706,203373,202405,968,201325,2048,200163,3210,310307,308893,1414,307321,2986,305594,4713,267,830.446944416,564,1751.267500000,861,2672.088055500,563.446944416,1187.267500000,1811.088055500,9965.363332992,21015.210000000,32065.056666000
Texas,TX,2015-10-01,97004,96439,565,95917,1087,95330,1674,204389,203373,1016,202405,1984,201325,3064,311774,310307,1467,308893,2881,307321,4453,269,835.312222166,567,1760.016388833,866,2684.720555500,566.312222166,1193.016388833,1818.720555500,10023.746665992,21120.196665996,32216.646666000
Texas,TX,2015-11-01,97507,97004,503,96439,1068,95917,1590,205306,204389,917,203373,1933,202405,2901,313105,311774,1331,310307,2798,308893,4212,270,839.643611083,570,1767.912777750,869,2696.181944416,569.643611083,1197.912777750,1827.181944416,10075.723332996,21214.953333000,32354.183332992
Texas,TX,2015-12-01,98040,97507,533,97004,1036,96439,1601,206311,205306,1005,204389,1922,203373,2938,314582,313105,1477,311774,2808,310307,4275,272,844.233333333,573,1776.566944416,873,2708.900555500,572.233333333,1203.566944416,1835.900555500,10130.799999996,21318.803332992,32506.806666000
Texas,TX,2016-01-01,98584,98040,544,97507,1077,97004,1580,207346,206311,1035,205306,2040,204389,2957,316108,314582,1526,313105,3003,311774,4334,273,848.917777750,575,1785.479444416,878,2722.041111083,575.917777750,1210.479444416,1844.041111083,10187.013333000,21425.753332992,32664.493332996
Texas,TX,2016-02-01,99126,98584,542,98040,1086,97507,1619,208372,207346,1026,206311,2061,205306,3066,317618,316108,1510,314582,3036,313105,4513,275,853.585000000,578,1794.314444416,882,2735.043888833,578.585000000,1216.314444416,1853.043888833,10243.020000000,21531.773332992,32820.526665996
Texas,TX,2016-03-01,99672,99126,546,98584,1088,98040,1632,209326,208372,954,207346,1980,206311,3015,318981,317618,1363,316108,2873,314582,4399,276,858.286666666,581,1802.529444416,886,2746.780833333,582.286666666,1221.529444416,1860.780833333,10299.439999992,21630.353332992,32961.369999996
Texas,TX,2016-04-01,100201,99672,529,99126,1075,98584,1617,210238,209326,912,208372,1866,207346,2892,320276,318981,1295,317618,2658,316108,4168,278,862.841944416,583,1810.382777750,889,2757.932222166,584.841944416,1227.382777750,1868.932222166,10354.103332992,21724.593333000,33095.186665992
Texas,TX,2016-05-01,100818,100201,617,99672,1146,99126,1692,211299,210238,1061,209326,1973,208372,2927,321780,320276,1504,318981,2799,317618,4162,280,868.155000000,586,1819.519166666,893,2770.883333333,588.155000000,1233.519166666,1877.883333333,10417.860000000,21834.229999992,33250.599999996
Texas,TX,2016-06-01,101405,100818,587,100201,1204,99672,1733,212282,211299,983,210238,2044,209326,2956,323159,321780,1379,320276,2883,318981,4178,281,873.209722166,589,1827.983888833,897,2782.758055500,592.209722166,1238.983888833,1885.758055500,10478.516665992,21935.806665996,33393.096666000
Texas,TX,2016-07-01,102055,101405,650,100818,1237,100201,1854,213361,212282,1079,211299,2062,210238,3123,324667,323159,1508,321780,2887,320276,4391,283,878.806944416,592,1837.275277750,901,2795.743611083,595.806944416,1245.275277750,1894.743611083,10545.683332992,22047.303333000,33548.923332996
Texas,TX,2016-08-01,102633,102055,578,101405,1228,100818,1815,214293,213361,932,212282,2011,211299,2994,325954,324667,1287,323159,2795,321780,4174,285,883.784166666,595,1845.300833333,905,2806.826111083,598.784166666,1250.300833333,1901.826111083,10605.409999992,22143.609999996,33681.913332996
Texas,TX,2016-09-01,103262,102633,629,102055,1207,101405,1857,215295,214293,1002,213361,1934,212282,3013,327328,325954,1374,324667,2661,323159,4169,286,889.200555500,598,1853.929166666,909,2818.657777750,603.200555500,1255.929166666,1909.657777750,10670.406666000,22247.149999992,33823.893333000
Texas,TX,2016-10-01,103839,103262,577,102633,1206,102055,1784,216229,215295,934,214293,1936,213361,2868,328620,327328,1292,325954,2666,324667,3953,288,894.169166666,600,1861.971944416,912,2829.783333333,606.169166666,1261.971944416,1917.783333333,10730.029999992,22343.663332992,33957.399999996
Texas,TX,2016-11-01,104550,103839,711,103262,1288,102633,1917,217403,216229,1174,215295,2108,214293,3110,330256,328620,1636,327328,2928,325954,4302,290,900.291666666,603,1872.081388833,917,2843.871111083,610.291666666,1269.081388833,1926.871111083,10803.499999992,22464.976665996,34126.453332996
Texas,TX,2016-12-01,105284,104550,734,103839,1445,103262,2022,218613,217403,1210,216229,2384,215295,3318,331943,330256,1687,328620,3323,327328,4615,292,906.612222166,607,1882.500833333,922,2858.398055500,614.612222166,1275.500833333,1936.398055500,10879.346665992,22590.009999996,34300.776666000
Texas,TX,2017-01-01,105956,105284,672,104550,1406,103839,2117,219678,218613,1065,217403,2275,216229,3449,333400,331943,1457,330256,3144,328620,4780,294,912.398888833,610,1891.671666666,926,2870.944444416,618.398888833,1281.671666666,1944.944444416,10948.786665996,22700.059999992,34451.333332992
Texas,TX,2017-02-01,106604,105956,648,105284,1320,104550,2054,220717,219678,1039,218613,2104,217403,3314,334830,333400,1430,331943,2887,330256,4574,296,917.978888833,613,1900.618611083,930,2883.258333333,621.978888833,1287.618611083,1953.258333333,11015.746665996,22807.423332996,34599.099999996
Texas,TX,2017-03-01,107174,106604,570,105956,1218,105284,1890,221638,220717,921,219678,1960,218613,3025,336102,334830,1272,333400,2702,331943,4159,297,922.887222166,615,1908.549444416,933,2894.211666666,625.887222166,1293.549444416,1961.211666666,11074.646665992,22902.593332992,34730.539999992
Texas,TX,2017-04-01,107783,107174,609,106604,1179,105956,1827,222645,221638,1007,220717,1928,219678,2967,337507,336102,1405,334830,2677,333400,4107,299,928.131388833,618,1917.220833333,937,2906.310277750,629.131388833,1299.220833333,1969.310277750,11137.576665996,23006.649999996,34875.723333000
Texas,TX,2017-05-01,108310,107783,527,107174,1136,106604,1706,223514,222645,869,221638,1876,220717,2797,338719,337507,1212,336102,2617,334830,3889,300,932.669444416,620,1924.703888833,940,2916.746944416,632.669444416,1304.703888833,1976.746944416,11192.033332992,23096.446665996,35000.963332992
Texas,TX,2017-06-01,108839,108310,529,107783,1056,107174,1665,224408,223514,894,222645,1763,221638,2770,339977,338719,1258,337507,2470,336102,3875,302,937.224722166,623,1932.402222166,944,2927.579722166,635.224722166,1309.402222166,1983.579722166,11246.696665992,23188.826665992,35130.956665992
Texas,TX,2017-07-01,109319,108839,480,108310,1009,107783,1536,225197,224408,789,223514,1683,222645,2552,341075,339977,1098,338719,2356,337507,3568,303,941.358055500,625,1939.196388833,947,2937.034722166,638.358055500,1314.196388833,1990.034722166,11296.296666000,23270.356665996,35244.416665992
Texas,TX,2017-08-01,109798,109319,479,108839,959,108310,1488,225985,225197,788,224408,1577,223514,2471,342173,341075,1098,339977,2196,338719,3454,304,945.482777750,627,1945.981944416,950,2946.489722166,641.482777750,1318.981944416,1996.489722166,11345.793333000,23351.783332992,35357.876665992
Texas,TX,2017-09-01,110301,109798,503,109319,982,108839,1462,226855,225985,870,225197,1658,224408,2447,343410,342173,1237,341075,2335,339977,3433,306,949.814166666,630,1953.473611083,953,2957.141666666,643.814166666,1323.473611083,2004.141666666,11397.769999992,23441.683332996,35485.699999992
Texas,TX,2017-10-01,110869,110301,568,109798,1071,109319,1550,227832,226855,977,225985,1847,225197,2635,344795,343410,1385,342173,2622,341075,3720,307,954.705277750,632,1961.886666666,957,2969.068055500,647.705277750,1329.886666666,2012.068055500,11456.463333000,23542.639999992,35628.816666000
Texas,TX,2017-11-01,111459,110869,590,110301,1158,109798,1661,228833,227832,1001,226855,1978,225985,2848,346208,344795,1413,343410,2798,342173,4035,309,959.785833333,635,1970.506388833,961,2981.235555500,650.785833333,1335.506388833,2020.235555500,11517.429999996,23646.076665996,35774.826666000
Texas,TX,2017-12-01,112032,111459,573,110869,1163,110301,1731,229733,228833,900,227832,1901,226855,2878,347434,346208,1226,344795,2639,343410,4024,311,964.720000000,638,1978.256388833,965,2991.792777750,653.720000000,1340.256388833,2026.792777750,11576.640000000,23739.076665996,35901.513333000
Texas,TX,2018-01-01,112567,112032,535,111459,1108,110869,1698,230515,229733,782,228833,1682,227832,2683,348464,347434,1030,346208,2256,344795,3669,312,969.326944416,640,1984.990277750,967,3000.662222166,657.326944416,1344.990277750,2033.662222166,11631.923332992,23819.883333000,36007.946665992
Texas,TX,2018-02-01,113121,112567,554,112032,1089,111459,1662,231331,230515,816,229733,1598,228833,2498,349541,348464,1077,347434,2107,346208,3333,314,974.097500000,642,1992.016944416,970,3009.936388833,660.097500000,1350.016944416,2039.936388833,11689.170000000,23904.203332992,36119.236665996
Texas,TX,2018-03-01,113764,113121,643,112567,1197,112032,1732,232341,231331,1010,230515,1826,229733,2608,350918,349541,1377,348464,2454,347434,3484,316,979.634444416,645,2000.714166666,974,3021.793888833,663.634444416,1355.714166666,2047.793888833,11755.613332992,24008.569999992,36261.526665996
Texas,TX,2018-04-01,114449,113764,685,113121,1328,112567,1882,233446,232341,1105,231331,2115,230515,2931,352444,350918,1526,349541,2903,348464,3980,317,985.533055500,648,2010.229444416,979,3034.934444416,668.533055500,1362.229444416,2055.934444416,11826.396666000,24122.753332992,36419.213332992
Texas,TX,2018-05-01,115128,114449,679,113764,1364,113121,2007,234489,233446,1043,232341,2148,231331,3158,353850,352444,1406,350918,2932,349541,4309,319,991.380000000,651,2019.210833333,982,3047.041666666,672.380000000,1368.210833333,2065.041666666,11896.560000000,24230.529999996,36564.499999992
Texas,TX,2018-06-01,115782,115128,654,114449,1333,113764,2018,235463,234489,974,233446,2017,232341,3122,355145,353850,1295,352444,2701,350918,4227,321,997.011666666,654,2027.598055500,986,3058.193055500,676.011666666,1373.598055500,2072.193055500,11964.139999992,24331.176666000,36698.316666000
Texas,TX,2018-07-01,116389,115782,607,115128,1261,114449,1940,236329,235463,866,234489,1840,233446,2883,356269,355145,1124,353850,2419,352444,3825,323,1002.238611083,656,2035.055277750,989,3067.871944416,679.238611083,1379.055277750,2078.871944416,12026.863332996,24420.663333000,36814.463332992
Texas,TX,2018-08-01,117003,116389,614,115782,1221,115128,1875,237256,236329,927,235463,1793,234489,2767,357509,356269,1240,355145,2364,353850,3659,325,1007.525833333,659,2043.037777750,993,3078.549722166,682.525833333,1384.037777750,2085.549722166,12090.309999996,24516.453333000,36942.596665992
Texas,TX,2018-09-01,117513,117003,510,116389,1124,115782,1731,237934,237256,678,236329,1605,235463,2471,358355,357509,846,356269,2086,355145,3210,326,1011.917500000,660,2048.876111083,995,3085.834722166,685.917500000,1388.876111083,2090.834722166,12143.010000000,24586.513332996,37030.016665992
Texas,TX,2018-10-01,118093,117513,580,117003,1090,116389,1704,238770,237934,836,237256,1514,236329,2441,359447,358355,1092,357509,1938,356269,3178,328,1016.911944416,663,2056.075000000,998,3095.238055500,688.911944416,1393.075000000,2097.238055500,12202.943332992,24672.900000000,37142.856666000
Texas,TX,2018-11-01,118618,118093,525,117513,1105,117003,1615,239484,238770,714,237934,1550,237256,2228,360351,359447,904,358355,1996,357509,2842,329,1021.432777750,665,2062.223333333,1000,3103.022500000,692.432777750,1397.223333333,2103.022500000,12257.193333000,24746.679999996,37236.270000000
Texas,TX,2018-12-01,119248,118618,630,118093,1155,117513,1735,240476,239484,992,238770,1706,237934,2542,361704,360351,1353,359447,2257,358355,3349,331,1026.857777750,667,2070.765555500,1004,3114.673333333,695.857777750,1403.765555500,2110.673333333,12322.293333000,24849.186666000,37376.079999996
Texas,TX,2019-01-01,119922,119248,674,118618,1304,118093,1829,241619,240476,1143,239484,2135,238770,2849,363316,361704,1612,360351,2965,359447,3869,333,1032.661666666,671,2080.608055500,1009,3128.554444416,699.661666666,1409.608055500,2119.554444416,12391.939999992,24967.296666000,37542.653332992
Texas,TX,2019-02-01,120584,119922,662,119248,1336,118618,1966,242673,241619,1054,240476,2197,239484,3189,364762,363316,1446,361704,3058,360351,4411,334,1038.362222166,674,2089.684166666,1013,3141.006111083,704.362222166,1415.684166666,2128.006111083,12460.346665992,25076.209999992,37692.073332996
Texas,TX,2019-03-01,121139,120584,555,119922,1217,119248,1891,243410,242673,737,241619,1791,240476,2934,365681,364762,919,363316,2365,361704,3977,336,1043.141388833,676,2096.030555500,1015,3148.919722166,707.141388833,1420.030555500,2133.919722166,12517.696665996,25152.366666000,37787.036665992
Texas,TX,2019-04-01,121569,121139,430,120584,985,119922,1647,243831,243410,421,242673,1158,241619,2212,366094,365681,413,364762,1332,363316,2778,337,1046.844166666,677,2099.655833333,1016,3152.476111083,709.844166666,1422.655833333,2136.476111083,12562.129999992,25195.869999996,37829.713332996
Texas,TX,2019-05-01,122015,121569,446,121139,876,120584,1431,244333,243831,502,243410,923,242673,1660,366652,366094,558,365681,971,364762,1890,338,1050.684722166,678,2103.978611083,1018,3157.281111083,712.684722166,1425.978611083,2139.281111083,12608.216665992,25247.743332996,37887.373332996
Texas,TX,2019-06-01,122480,122015,465,121569,911,121139,1341,244910,244333,577,243831,1079,243410,1500,367341,366652,689,366094,1247,365681,1660,340,1054.688888833,680,2108.947222166,1020,3163.214166666,714.688888833,1428.947222166,2143.214166666,12656.266665996,25307.366665992,37958.569999992
Texas,TX,2019-07-01,122959,122480,479,122015,944,121569,1390,245534,244910,624,244333,1201,243831,1703,368110,367341,769,366652,1458,366094,2016,341,1058.813611083,682,2114.320555500,1022,3169.836111083,717.813611083,1432.320555500,2147.836111083,12705.763332996,25371.846666000,38038.033332996
Texas,TX,2019-08-01,123444,122959,485,122480,964,122015,1429,246144,245534,610,244910,1234,244333,1811,368845,368110,735,367341,1504,366652,2193,342,1062.990000000,683,2119.573333333,1024,3176.165277750,720.990000000,1436.573333333,2152.165277750,12755.880000000,25434.879999996,38113.983333000
Texas,TX,2019-09-01,123870,123444,426,122959,911,122480,1390,246755,246144,611,245534,1221,244910,1845,369640,368845,795,368110,1530,367341,2299,344,1066.658333333,685,2124.834722166,1026,3183.011111083,722.658333333,1439.834722166,2157.011111083,12799.899999996,25498.016665992,38196.133332996
Texas,TX,2019-10-01,124054,123870,184,123444,610,122959,1095,246942,246755,187,246144,798,245534,1408,369830,369640,190,368845,985,368110,1720,344,1068.242777750,685,2126.445000000,1027,3184.647222166,724.242777750,1441.445000000,2157.647222166,12818.913333000,25517.340000000,38215.766665992
Texas,TX,2019-11-01,124227,124054,173,123870,357,123444,783,247185,246942,243,246755,430,246144,1041,370144,369830,314,369640,504,368845,1299,345,1069.732500000,686,2128.537500000,1028,3187.351111083,724.732500000,1442.537500000,2159.351111083,12836.790000000,25542.450000000,38248.213332996
Texas,TX,2019-12-01,124426,124227,199,124054,372,123870,556,247433,247185,248,246942,491,246755,678,370440,370144,296,369830,610,369640,800,345,1071.446111083,687,2130.673055500,1029,3189.900000000,726.446111083,1443.673055500,2160.900000000,12857.353332996,25568.076666000,38278.800000000
Texas,TX,2020-01-01,124937,124426,511,124227,710,124054,883,248338,247433,905,247185,1153,246942,1396,371739,370440,1299,370144,1595,369830,1909,347,1075.846388833,689,2138.466111083,1032,3201.085833333,728.846388833,1449.466111083,2169.085833333,12910.156665996,25661.593332996,38413.029999996
Texas,TX,2020-02-01,125378,124937,441,124426,952,124227,1151,249055,248338,717,247433,1622,247185,1870,372733,371739,994,370440,2293,370144,2589,348,1079.643888833,691,2144.640277750,1035,3209.645277750,731.643888833,1453.640277750,2174.645277750,12955.726665996,25735.683333000,38515.743333000
Texas,TX,2020-03-01,126011,125378,633,124937,1074,124426,1585,250135,249055,1080,248338,1797,247433,2702,374260,372733,1527,371739,2521,370440,3820,350,1085.094722166,694,2153.940277750,1039,3222.794444416,735.094722166,1459.940277750,2183.794444416,13021.136665992,25847.283333000,38673.533332992
Texas,TX,2020-04-01,126524,126011,513,125378,1146,124937,1587,250922,250135,787,249055,1867,248338,2584,375321,374260,1061,372733,2588,371739,3582,351,1089.512222166,697,2160.717222166,1042,3231.930833333,738.512222166,1463.717222166,2189.930833333,13074.146665992,25928.606665992,38783.169999996
Texas,TX,2020-05-01,127006,126524,482,126011,995,125378,1628,251632,250922,710,250135,1497,249055,2577,376258,375321,937,374260,1998,372733,3525,352,1093.662777750,698,2166.831111083,1045,3239.999444416,741.662777750,1468.831111083,2194.999444416,13123.953333000,26001.973332996,38879.993332992
Texas,TX,2020-06-01,127405,127006,399,126524,881,126011,1394,252228,251632,596,250922,1306,250135,2093,377052,376258,794,375321,1731,374260,2792,353,1097.098611083,700,2171.963333333,1047,3246.836666666,744.098611083,1471.963333333,2199.836666666,13165.183332996,26063.559999996,38962.039999992
Texas,TX,2020-07-01,127959,127405,554,127006,953,126524,1435,253165,252228,937,251632,1533,250922,2243,378372,377052,1320,376258,2114,375321,3051,355,1101.869166666,703,2180.031944416,1051,3258.203333333,746.869166666,1477.031944416,2207.203333333,13222.429999992,26160.383332992,39098.439999996
Texas,TX,2020-08-01,128741,127959,782,127405,1336,127006,1735,254664,253165,1499,252228,2436,251632,3032,380587,378372,2215,377052,3535,376258,4329,357,1108.603055500,707,2192.940000000,1057,3277.276944416,751.603055500,1485.940000000,2220.276944416,13303.236666000,26315.280000000,39327.323332992
Texas,TX,2020-09-01,129708,128741,967,127959,1749,127405,2303,256507,254664,1843,253165,3342,252228,4279,383307,380587,2720,378372,4935,377052,6255,360,1116.930000000,712,2208.810277750,1064,3300.699166666,756.930000000,1496.810277750,2236.699166666,13403.160000000,26505.723333000,39608.389999992
Texas,TX,2020-10-01,130932,129708,1224,128741,2191,127959,2973,258881,256507,2374,254664,4217,253165,5716,386831,383307,3524,380587,6244,378372,8459,363,1127.470000000,719,2229.253055500,1074,3331.044722166,764.470000000,1510.253055500,2257.044722166,13529.640000000,26751.036666000,39972.536665992
Texas,TX,2020-11-01,132318,130932,1386,129708,2610,128741,3577,261606,258881,2725,256507,5099,254664,6942,390894,386831,4063,383307,7587,380587,10307,367,1139.405000000,726,2252.718333333,1085,3366.031666666,772.405000000,1526.718333333,2281.031666666,13672.860000000,27032.619999996,40392.379999992
Texas,TX,2020-12-01,133780,132318,1462,130932,2848,129708,4072,264582,261606,2976,258881,5701,256507,8075,395385,390894,4491,386831,8554,383307,12078,371,1151.994444416,734,2278.345000000,1098,3404.704166666,780.994444416,1544.345000000,2306.704166666,13823.933332992,27340.140000000,40856.449999992
Texas,TX,2021-01-01,135138,133780,1358,132318,2820,130932,4206,267384,264582,2802,261606,5778,258881,8503,399631,395385,4246,390894,8737,386831,12800,375,1163.688333333,742,2302.473333333,1110,3441.266944416,788.688333333,1560.473333333,2331.266944416,13964.259999996,27629.679999996,41295.203332992
Texas,TX,2021-02-01,136725,135138,1587,133780,2945,132318,4407,270800,267384,3416,264582,6218,261606,9194,404876,399631,5245,395385,9491,390894,13982,379,1177.354166666,752,2331.888888833,1124,3486.432222166,798.354166666,1579.888888833,2362.432222166,14128.249999992,27982.666665996,41837.186665992
Texas,TX,2021-03-01,138381,136725,1656,135138,3243,133780,4601,274509,270800,3709,267384,7125,264582,9927,410638,404876,5762,399631,11007,395385,15253,384,1191.614166666,762,2363.827500000,1140,3536.049444416,807.614166666,1601.827500000,2396.049444416,14299.369999992,28365.930000000,42432.593332992
Texas,TX,2021-04-01,140395,138381,2014,136725,3670,135138,5257,279105,274509,4596,270800,8305,267384,11721,417816,410638,7178,404876,12940,399631,18185,389,1208.956944416,775,2403.404166666,1160,3597.860000000,819.956944416,1628.404166666,2437.860000000,14507.483332992,28840.849999992,43174.320000000
Texas,TX,2021-05-01,142658,140395,2263,138381,4277,136725,5933,284313,279105,5208,274509,9804,270800,13513,425969,417816,8153,410638,15331,404876,21093,396,1228.443888833,789,2448.250833333,1183,3668.066388833,832.443888833,1659.250833333,2485.066388833,14741.326665996,29379.009999996,44016.796665996
